Dose,Ligand,Skew,Date,Variance,Mean,Kurtosis,alphStatCov,Cell,Time,Bivalent
84,WT N-term,0,3/1/19,0,2256.871277,0,0,NK,0.5,0
28,WT N-term,0,3/1/19,0,1961.725525,0,0,NK,0.5,0
9.333333,WT N-term,0,3/1/19,0,395.4417109,0,0,NK,0.5,0
3.111,WT N-term,0,3/1/19,0,353.6280517,0,0,NK,0.5,0
1.037037,WT N-term,0,3/1/19,0,231.6079712,0,0,NK,0.5,0
0.345679,WT N-term,0,3/1/19,0,277.4361572,0,0,NK,0.5,0
0.115226,WT N-term,0,3/1/19,0,228.9880371,0,0,NK,0.5,0
0.038409,WT N-term,0,3/1/19,0,110.7858886,0,0,NK,0.5,0
0.012803,WT N-term,0,3/1/19,0,0,0,0,NK,0.5,0
0.004268,WT N-term,0,3/1/19,0,66.7280883,0,0,NK,0.5,0
0.001423,WT N-term,0,3/1/19,0,73.1765747,0,0,NK,0.5,0
0.000474,WT N-term,0,3/1/19,0,85.1970825,0,0,NK,0.5,0
84,WT N-term,0,3/1/19,0,2566.193604,0,0,NK,1,0
28,WT N-term,0,3/1/19,0,1750.762452,0,0,NK,1,0
9.333333,WT N-term,0,3/1/19,0,297.982544,0,0,NK,1,0
3.111,WT N-term,0,3/1/19,0,255.7042237,0,0,NK,1,0
1.037037,WT N-term,0,3/1/19,0,227.1490479,0,0,NK,1,0
0.345679,WT N-term,0,3/1/19,0,188.1916504,0,0,NK,1,0
0.115226,WT N-term,0,3/1/19,0,152.2615967,0,0,NK,1,0
0.038409,WT N-term,0,3/1/19,0,67.3510743,0,0,NK,1,0
0.012803,WT N-term,0,3/1/19,0,136.8911744,0,0,NK,1,0
0.004268,WT N-term,0,3/1/19,0,111.8941651,0,0,NK,1,0
0.001423,WT N-term,0,3/1/19,0,81.0698243,0,0,NK,1,0
0.000474,WT N-term,0,3/1/19,0,0,0,0,NK,1,0
84,WT N-term,0,3/1/19,0,1980.20752,0,0,NK,2,0
28,WT N-term,0,3/1/19,0,1569.772705,0,0,NK,2,0
9.333333,WT N-term,0,3/1/19,0,435.6431889,0,0,NK,2,0
3.111,WT N-term,0,3/1/19,0,148.7424926,0,0,NK,2,0
1.037037,WT N-term,0,3/1/19,0,153.9187622,0,0,NK,2,0
0.345679,WT N-term,0,3/1/19,0,139.9500122,0,0,NK,2,0
0.115226,WT N-term,0,3/1/19,0,68.0861816,0,0,NK,2,0
0.038409,WT N-term,0,3/1/19,0,28.7452392,0,0,NK,2,0
0.012803,WT N-term,0,3/1/19,0,37.4741211,0,0,NK,2,0
0.004268,WT N-term,0,3/1/19,0,24.9611206,0,0,NK,2,0
0.001423,WT N-term,0,3/1/19,0,0,0,0,NK,2,0
0.000474,WT N-term,0,3/1/19,0,30.0961914,0,0,NK,2,0
84,WT N-term,0,3/1/19,0,1738.664062,0,0,NK,4,0
28,WT N-term,0,3/1/19,0,1393.259033,0,0,NK,4,0
9.333333,WT N-term,0,3/1/19,0,1060.706543,0,0,NK,4,0
3.111,WT N-term,0,3/1/19,0,708.7536622,0,0,NK,4,0
1.037037,WT N-term,0,3/1/19,0,341.1744382,0,0,NK,4,0
0.345679,WT N-term,0,3/1/19,0,283.9448242,0,0,NK,4,0
0.115226,WT N-term,0,3/1/19,0,214.9680176,0,0,NK,4,0
0.038409,WT N-term,0,3/1/19,0,150.9873047,0,0,NK,4,0
0.012803,WT N-term,0,3/1/19,0,129.0205078,0,0,NK,4,0
0.004268,WT N-term,0,3/1/19,0,72.8903808,0,0,NK,4,0
0.001423,WT N-term,0,3/1/19,0,0,0,0,NK,4,0
0.000474,WT N-term,0,3/1/19,0,46.8270263,0,0,NK,4,0
84,WT N-term,0,3/1/19,0,3555.665894,0,0,CD8,0.5,0
28,WT N-term,0,3/1/19,0,2009.337036,0,0,CD8,0.5,0
9.333333,WT N-term,0,3/1/19,0,172.3674316,0,0,CD8,0.5,0
3.111,WT N-term,0,3/1/19,0,136.1860962,0,0,CD8,0.5,0
1.037037,WT N-term,0,3/1/19,0,145.0102539,0,0,CD8,0.5,0
0.345679,WT N-term,0,3/1/19,0,64.5970459,0,0,CD8,0.5,0
0.115226,WT N-term,0,3/1/19,0,127.7669678,0,0,CD8,0.5,0
0.038409,WT N-term,0,3/1/19,0,72.4331665,0,0,CD8,0.5,0
0.012803,WT N-term,0,3/1/19,0,0,0,0,CD8,0.5,0
0.004268,WT N-term,0,3/1/19,0,19.8009033,0,0,CD8,0.5,0
0.001423,WT N-term,0,3/1/19,0,19.2657471,0,0,CD8,0.5,0
0.000474,WT N-term,0,3/1/19,0,8.9326172,0,0,CD8,0.5,0
84,WT N-term,0,3/1/19,0,3353.260742,0,0,CD8,1,0
28,WT N-term,0,3/1/19,0,1868.047851,0,0,CD8,1,0
9.333333,WT N-term,0,3/1/19,0,227.4720459,0,0,CD8,1,0
3.111,WT N-term,0,3/1/19,0,149.1869506,0,0,CD8,1,0
1.037037,WT N-term,0,3/1/19,0,130.1586914,0,0,CD8,1,0
0.345679,WT N-term,0,3/1/19,0,110.1782837,0,0,CD8,1,0
0.115226,WT N-term,0,3/1/19,0,39.0936279,0,0,CD8,1,0
0.038409,WT N-term,0,3/1/19,0,49.5814209,0,0,CD8,1,0
0.012803,WT N-term,0,3/1/19,0,58.59375,0,0,CD8,1,0
0.004268,WT N-term,0,3/1/19,0,58.0855713,0,0,CD8,1,0
0.001423,WT N-term,0,3/1/19,0,35.3795776,0,0,CD8,1,0
0.000474,WT N-term,0,3/1/19,0,0,0,0,CD8,1,0
84,WT N-term,0,3/1/19,0,2627.371399,0,0,CD8,2,0
28,WT N-term,0,3/1/19,0,1463.979553,0,0,CD8,2,0
9.333333,WT N-term,0,3/1/19,0,221.9774781,0,0,CD8,2,0
3.111,WT N-term,0,3/1/19,0,130.4063111,0,0,CD8,2,0
1.037037,WT N-term,0,3/1/19,0,111.0731202,0,0,CD8,2,0
0.345679,WT N-term,0,3/1/19,0,81.128479,0,0,CD8,2,0
0.115226,WT N-term,0,3/1/19,0,67.0198365,0,0,CD8,2,0
0.038409,WT N-term,0,3/1/19,0,32.1791382,0,0,CD8,2,0
0.012803,WT N-term,0,3/1/19,0,40.1662598,0,0,CD8,2,0
0.004268,WT N-term,0,3/1/19,0,24.1415406,0,0,CD8,2,0
0.001423,WT N-term,0,3/1/19,0,20.4794922,0,0,CD8,2,0
0.000474,WT N-term,0,3/1/19,0,0,0,0,CD8,2,0
84,WT N-term,0,3/1/19,0,2813.729309,0,0,CD8,4,0
28,WT N-term,0,3/1/19,0,1704.059875,0,0,CD8,4,0
9.333333,WT N-term,0,3/1/19,0,917.5889283,0,0,CD8,4,0
3.111,WT N-term,0,3/1/19,0,371.3203733,0,0,CD8,4,0
1.037037,WT N-term,0,3/1/19,0,202.8704223,0,0,CD8,4,0
0.345679,WT N-term,0,3/1/19,0,169.3783569,0,0,CD8,4,0
0.115226,WT N-term,0,3/1/19,0,131.4090576,0,0,CD8,4,0
0.038409,WT N-term,0,3/1/19,0,76.5554809,0,0,CD8,4,0
0.012803,WT N-term,0,3/1/19,0,49.9282837,0,0,CD8,4,0
0.004268,WT N-term,0,3/1/19,0,17.7919311,0,0,CD8,4,0
0.001423,WT N-term,0,3/1/19,0,30.2401733,0,0,CD8,4,0
0.000474,WT N-term,0,3/1/19,0,0,0,0,CD8,4,0
84,WT N-term,0,3/1/19,0,31531.31714,0,0,Treg,0.5,0
28,WT N-term,0,3/1/19,0,36560.16089,0,0,Treg,0.5,0
9.333333,WT N-term,0,3/1/19,0,31870.27808,0,0,Treg,0.5,0
3.111,WT N-term,0,3/1/19,0,33333.39526,0,0,Treg,0.5,0
1.037037,WT N-term,0,3/1/19,0,22496.12378,0,0,Treg,0.5,0
0.345679,WT N-term,0,3/1/19,0,29720.30347,0,0,Treg,0.5,0
0.115226,WT N-term,0,3/1/19,0,8332.024171,0,0,Treg,0.5,0
0.038409,WT N-term,0,3/1/19,0,6504.895264,0,0,Treg,0.5,0
0.012803,WT N-term,0,3/1/19,0,395.939941,0,0,Treg,0.5,0
0.004268,WT N-term,0,3/1/19,0,410.649902,0,0,Treg,0.5,0
0.001423,WT N-term,0,3/1/19,0,0,0,0,Treg,0.5,0
0.000474,WT N-term,0,3/1/19,0,299.53418,0,0,Treg,0.5,0
84,WT N-term,0,3/1/19,0,35543.89478,0,0,Treg,1,0
28,WT N-term,0,3/1/19,0,35938.76587,0,0,Treg,1,0
9.333333,WT N-term,0,3/1/19,0,34855.01978,0,0,Treg,1,0
3.111,WT N-term,0,3/1/19,0,35262.60962,0,0,Treg,1,0
1.037037,WT N-term,0,3/1/19,0,26611.53345,0,0,Treg,1,0
0.345679,WT N-term,0,3/1/19,0,28779.01392,0,0,Treg,1,0
0.115226,WT N-term,0,3/1/19,0,6802.103759,0,0,Treg,1,0
0.038409,WT N-term,0,3/1/19,0,2228.004882,0,0,Treg,1,0
0.012803,WT N-term,0,3/1/19,0,1756.80249,0,0,Treg,1,0
0.004268,WT N-term,0,3/1/19,0,288.176513,0,0,Treg,1,0
0.001423,WT N-term,0,3/1/19,0,404.540771,0,0,Treg,1,0
0.000474,WT N-term,0,3/1/19,0,0,0,0,Treg,1,0
84,WT N-term,0,3/1/19,0,30049.04736,0,0,Treg,2,0
28,WT N-term,0,3/1/19,0,33676.62549,0,0,Treg,2,0
9.333333,WT N-term,0,3/1/19,0,30090.15088,0,0,Treg,2,0
3.111,WT N-term,0,3/1/19,0,33746.84424,0,0,Treg,2,0
1.037037,WT N-term,0,3/1/19,0,24674.21143,0,0,Treg,2,0
0.345679,WT N-term,0,3/1/19,0,25976.80322,0,0,Treg,2,0
0.115226,WT N-term,0,3/1/19,0,15153.76807,0,0,Treg,2,0
0.038409,WT N-term,0,3/1/19,0,3498.868653,0,0,Treg,2,0
0.012803,WT N-term,0,3/1/19,0,467.022706,0,0,Treg,2,0
0.004268,WT N-term,0,3/1/19,0,865.483399,0,0,Treg,2,0
0.001423,WT N-term,0,3/1/19,0,573.098633,0,0,Treg,2,0
0.000474,WT N-term,0,3/1/19,0,0,0,0,Treg,2,0
84,WT N-term,0,3/1/19,0,32382.45154,0,0,Treg,4,0
28,WT N-term,0,3/1/19,0,31662.70545,0,0,Treg,4,0
9.333333,WT N-term,0,3/1/19,0,29730.90857,0,0,Treg,4,0
3.111,WT N-term,0,3/1/19,0,30519.62928,0,0,Treg,4,0
1.037037,WT N-term,0,3/1/19,0,28243.71717,0,0,Treg,4,0
0.345679,WT N-term,0,3/1/19,0,28512.41248,0,0,Treg,4,0
0.115226,WT N-term,0,3/1/19,0,24165.24646,0,0,Treg,4,0
0.038409,WT N-term,0,3/1/19,0,25206.35584,0,0,Treg,4,0
0.012803,WT N-term,0,3/1/19,0,14860.33435,0,0,Treg,4,0
0.004268,WT N-term,0,3/1/19,0,6767.594116,0,0,Treg,4,0
0.001423,WT N-term,0,3/1/19,0,1382.235962,0,0,Treg,4,0
0.000474,WT N-term,0,3/1/19,0,0,0,0,Treg,4,0
84,WT N-term,0,3/1/19,0,11051.31714,0,0,Thelper,0.5,0
28,WT N-term,0,3/1/19,0,11286.81909,0,0,Thelper,0.5,0
9.333333,WT N-term,0,3/1/19,0,2996.531982,0,0,Thelper,0.5,0
3.111,WT N-term,0,3/1/19,0,1815.991455,0,0,Thelper,0.5,0
1.037037,WT N-term,0,3/1/19,0,428.888672,0,0,Thelper,0.5,0
0.345679,WT N-term,0,3/1/19,0,651.45166,0,0,Thelper,0.5,0
0.115226,WT N-term,0,3/1/19,0,5.027466,0,0,Thelper,0.5,0
0.038409,WT N-term,0,3/1/19,0,87.913574,0,0,Thelper,0.5,0
0.012803,WT N-term,0,3/1/19,0,133.223389,0,0,Thelper,0.5,0
0.004268,WT N-term,0,3/1/19,0,156.045166,0,0,Thelper,0.5,0
0.001423,WT N-term,0,3/1/19,0,90.076538,0,0,Thelper,0.5,0
0.000474,WT N-term,0,3/1/19,0,0,0,0,Thelper,0.5,0
84,WT N-term,0,3/1/19,0,6494.997925,0,0,Thelper,1,0
28,WT N-term,0,3/1/19,0,4638.240112,0,0,Thelper,1,0
9.333333,WT N-term,0,3/1/19,0,2536.039184,0,0,Thelper,1,0
3.111,WT N-term,0,3/1/19,0,2205.443237,0,0,Thelper,1,0
1.037037,WT N-term,0,3/1/19,0,1009.59436,0,0,Thelper,1,0
0.345679,WT N-term,0,3/1/19,0,567.748535,0,0,Thelper,1,0
0.115226,WT N-term,0,3/1/19,0,108.296265,0,0,Thelper,1,0
0.038409,WT N-term,0,3/1/19,0,182.634766,0,0,Thelper,1,0
0.012803,WT N-term,0,3/1/19,0,121.580933,0,0,Thelper,1,0
0.004268,WT N-term,0,3/1/19,0,8.057373,0,0,Thelper,1,0
0.001423,WT N-term,0,3/1/19,0,119.900024,0,0,Thelper,1,0
0.000474,WT N-term,0,3/1/19,0,0,0,0,Thelper,1,0
84,WT N-term,0,3/1/19,0,2627.207032,0,0,Thelper,2,0
28,WT N-term,0,3/1/19,0,2409.159912,0,0,Thelper,2,0
9.333333,WT N-term,0,3/1/19,0,1342.482178,0,0,Thelper,2,0
3.111,WT N-term,0,3/1/19,0,1586.752198,0,0,Thelper,2,0
1.037037,WT N-term,0,3/1/19,0,786.046387,0,0,Thelper,2,0
0.345679,WT N-term,0,3/1/19,0,427.371094,0,0,Thelper,2,0
0.115226,WT N-term,0,3/1/19,0,0,0,0,Thelper,2,0
0.038409,WT N-term,0,3/1/19,0,134.604981,0,0,Thelper,2,0
0.012803,WT N-term,0,3/1/19,0,59.260987,0,0,Thelper,2,0
0.004268,WT N-term,0,3/1/19,0,36.290039,0,0,Thelper,2,0
0.001423,WT N-term,0,3/1/19,0,70.198975,0,0,Thelper,2,0
0.000474,WT N-term,0,3/1/19,0,50.710938,0,0,Thelper,2,0
84,WT N-term,0,3/1/19,0,7083.772217,0,0,Thelper,4,0
28,WT N-term,0,3/1/19,0,4241.525147,0,0,Thelper,4,0
9.333333,WT N-term,0,3/1/19,0,2821.668702,0,0,Thelper,4,0
3.111,WT N-term,0,3/1/19,0,2050.962647,0,0,Thelper,4,0
1.037037,WT N-term,0,3/1/19,0,1382.633057,0,0,Thelper,4,0
0.345679,WT N-term,0,3/1/19,0,1629.426514,0,0,Thelper,4,0
0.115226,WT N-term,0,3/1/19,0,1220.949219,0,0,Thelper,4,0
0.038409,WT N-term,0,3/1/19,0,805.417237,0,0,Thelper,4,0
0.012803,WT N-term,0,3/1/19,0,459.297364,0,0,Thelper,4,0
0.004268,WT N-term,0,3/1/19,0,271.436524,0,0,Thelper,4,0
0.001423,WT N-term,0,3/1/19,0,0,0,0,Thelper,4,0
0.000474,WT N-term,0,3/1/19,0,1.95166,0,0,Thelper,4,0
84,WT C-term,0,3/1/19,0,1232.52597,0,0,NK,0.5,0
28,WT C-term,0,3/1/19,0,1080.895111,0,0,NK,0.5,0
9.333333,WT C-term,0,3/1/19,0,241.8005676,0,0,NK,0.5,0
3.111,WT C-term,0,3/1/19,0,104.9997253,0,0,NK,0.5,0
1.037037,WT C-term,0,3/1/19,0,150.5176086,0,0,NK,0.5,0
0.345679,WT C-term,0,3/1/19,0,161.0941467,0,0,NK,0.5,0
0.115226,WT C-term,0,3/1/19,0,89.4673157,0,0,NK,0.5,0
0.038409,WT C-term,0,3/1/19,0,69.0022888,0,0,NK,0.5,0
0.012803,WT C-term,0,3/1/19,0,100.4808044,0,0,NK,0.5,0
0.004268,WT C-term,0,3/1/19,0,64.1993103,0,0,NK,0.5,0
0.001423,WT C-term,0,3/1/19,0,98.4207458,0,0,NK,0.5,0
0.000474,WT C-term,0,3/1/19,0,0,0,0,NK,0.5,0
84,WT C-term,0,3/1/19,0,1174.088746,0,0,NK,1,0
28,WT C-term,0,3/1/19,0,703.5954585,0,0,NK,1,0
9.333333,WT C-term,0,3/1/19,0,231.1091919,0,0,NK,1,0
3.111,WT C-term,0,3/1/19,0,0,0,0,NK,1,0
1.037037,WT C-term,0,3/1/19,0,149.0364379,0,0,NK,1,0
0.345679,WT C-term,0,3/1/19,0,124.2402954,0,0,NK,1,0
0.115226,WT C-term,0,3/1/19,0,0.4744873,0,0,NK,1,0
0.038409,WT C-term,0,3/1/19,0,77.0577392,0,0,NK,1,0
0.012803,WT C-term,0,3/1/19,0,62.3519287,0,0,NK,1,0
0.004268,WT C-term,0,3/1/19,0,109.8554687,0,0,NK,1,0
0.001423,WT C-term,0,3/1/19,0,165.2040405,0,0,NK,1,0
0.000474,WT C-term,0,3/1/19,0,70.3390503,0,0,NK,1,0
84,WT C-term,0,3/1/19,0,1134.114991,0,0,NK,2,0
28,WT C-term,0,3/1/19,0,1038.595948,0,0,NK,2,0
9.333333,WT C-term,0,3/1/19,0,393.9982905,0,0,NK,2,0
3.111,WT C-term,0,3/1/19,0,277.0878906,0,0,NK,2,0
1.037037,WT C-term,0,3/1/19,0,197.1799316,0,0,NK,2,0
0.345679,WT C-term,0,3/1/19,0,198.223999,0,0,NK,2,0
0.115226,WT C-term,0,3/1/19,0,74.3811035,0,0,NK,2,0
0.038409,WT C-term,0,3/1/19,0,0,0,0,NK,2,0
0.012803,WT C-term,0,3/1/19,0,96.5285644,0,0,NK,2,0
0.004268,WT C-term,0,3/1/19,0,97.0023193,0,0,NK,2,0
0.001423,WT C-term,0,3/1/19,0,88.5186157,0,0,NK,2,0
0.000474,WT C-term,0,3/1/19,0,31.7443847,0,0,NK,2,0
84,WT C-term,0,3/1/19,0,1147.853638,0,0,NK,4,0
28,WT C-term,0,3/1/19,0,1233.355713,0,0,NK,4,0
9.333333,WT C-term,0,3/1/19,0,1144.714234,0,0,NK,4,0
3.111,WT C-term,0,3/1/19,0,865.5142827,0,0,NK,4,0
1.037037,WT C-term,0,3/1/19,0,309.6119385,0,0,NK,4,0
0.345679,WT C-term,0,3/1/19,0,232.9035644,0,0,NK,4,0
0.115226,WT C-term,0,3/1/19,0,263.6362305,0,0,NK,4,0
0.038409,WT C-term,0,3/1/19,0,123.1846924,0,0,NK,4,0
0.012803,WT C-term,0,3/1/19,0,0,0,0,NK,4,0
0.004268,WT C-term,0,3/1/19,0,147.2531128,0,0,NK,4,0
0.001423,WT C-term,0,3/1/19,0,146.6212768,0,0,NK,4,0
0.000474,WT C-term,0,3/1/19,0,115.4367676,0,0,NK,4,0
84,WT C-term,0,3/1/19,0,1734.47461,0,0,CD8,0.5,0
28,WT C-term,0,3/1/19,0,1039.635743,0,0,CD8,0.5,0
9.333333,WT C-term,0,3/1/19,0,172.4708252,0,0,CD8,0.5,0
3.111,WT C-term,0,3/1/19,0,80.9387818,0,0,CD8,0.5,0
1.037037,WT C-term,0,3/1/19,0,71.2553101,0,0,CD8,0.5,0
0.345679,WT C-term,0,3/1/19,0,45.7634888,0,0,CD8,0.5,0
0.115226,WT C-term,0,3/1/19,0,0,0,0,CD8,0.5,0
0.038409,WT C-term,0,3/1/19,0,91.9323731,0,0,CD8,0.5,0
0.012803,WT C-term,0,3/1/19,0,73.4654541,0,0,CD8,0.5,0
0.004268,WT C-term,0,3/1/19,0,44.6953125,0,0,CD8,0.5,0
0.001423,WT C-term,0,3/1/19,0,15.6744385,0,0,CD8,0.5,0
0.000474,WT C-term,0,3/1/19,0,9.8044434,0,0,CD8,0.5,0
84,WT C-term,0,3/1/19,0,1618.713257,0,0,CD8,1,0
28,WT C-term,0,3/1/19,0,727.7319337,0,0,CD8,1,0
9.333333,WT C-term,0,3/1/19,0,153.5018311,0,0,CD8,1,0
3.111,WT C-term,0,3/1/19,0,6.9707031,0,0,CD8,1,0
1.037037,WT C-term,0,3/1/19,0,78.6669922,0,0,CD8,1,0
0.345679,WT C-term,0,3/1/19,0,56.8572388,0,0,CD8,1,0
0.115226,WT C-term,0,3/1/19,0,23.9182739,0,0,CD8,1,0
0.038409,WT C-term,0,3/1/19,0,95.8527832,0,0,CD8,1,0
0.012803,WT C-term,0,3/1/19,0,68.9626465,0,0,CD8,1,0
0.004268,WT C-term,0,3/1/19,0,28.0228272,0,0,CD8,1,0
0.001423,WT C-term,0,3/1/19,0,19.5078125,0,0,CD8,1,0
0.000474,WT C-term,0,3/1/19,0,0,0,0,CD8,1,0
84,WT C-term,0,3/1/19,0,1276.329712,0,0,CD8,2,0
28,WT C-term,0,3/1/19,0,740.3214112,0,0,CD8,2,0
9.333333,WT C-term,0,3/1/19,0,162.3599853,0,0,CD8,2,0
3.111,WT C-term,0,3/1/19,0,132.9934082,0,0,CD8,2,0
1.037037,WT C-term,0,3/1/19,0,99.8334961,0,0,CD8,2,0
0.345679,WT C-term,0,3/1/19,0,143.8378906,0,0,CD8,2,0
0.115226,WT C-term,0,3/1/19,0,14.4244384,0,0,CD8,2,0
0.038409,WT C-term,0,3/1/19,0,32.7672729,0,0,CD8,2,0
0.012803,WT C-term,0,3/1/19,0,38.1168823,0,0,CD8,2,0
0.004268,WT C-term,0,3/1/19,0,23.5355224,0,0,CD8,2,0
0.001423,WT C-term,0,3/1/19,0,10.5743408,0,0,CD8,2,0
0.000474,WT C-term,0,3/1/19,0,0,0,0,CD8,2,0
84,WT C-term,0,3/1/19,0,1998.435059,0,0,CD8,4,0
28,WT C-term,0,3/1/19,0,1746.712891,0,0,CD8,4,0
9.333333,WT C-term,0,3/1/19,0,1166.860108,0,0,CD8,4,0
3.111,WT C-term,0,3/1/19,0,599.2834468,0,0,CD8,4,0
1.037037,WT C-term,0,3/1/19,0,174.744812,0,0,CD8,4,0
0.345679,WT C-term,0,3/1/19,0,164.6469727,0,0,CD8,4,0
0.115226,WT C-term,0,3/1/19,0,142.9080811,0,0,CD8,4,0
0.038409,WT C-term,0,3/1/19,0,130.7174683,0,0,CD8,4,0
0.012803,WT C-term,0,3/1/19,0,0,0,0,CD8,4,0
0.004268,WT C-term,0,3/1/19,0,80.9596558,0,0,CD8,4,0
0.001423,WT C-term,0,3/1/19,0,137.3466797,0,0,CD8,4,0
0.000474,WT C-term,0,3/1/19,0,64.6745606,0,0,CD8,4,0
84,WT C-term,0,3/1/19,0,21947.25757,0,0,Treg,0.5,0
28,WT C-term,0,3/1/19,0,21145.22827,0,0,Treg,0.5,0
9.333333,WT C-term,0,3/1/19,0,19100.38061,0,0,Treg,0.5,0
3.111,WT C-term,0,3/1/19,0,16754.51147,0,0,Treg,0.5,0
1.037037,WT C-term,0,3/1/19,0,14756.52514,0,0,Treg,0.5,0
0.345679,WT C-term,0,3/1/19,0,11330.79858,0,0,Treg,0.5,0
0.115226,WT C-term,0,3/1/19,0,2517.925781,0,0,Treg,0.5,0
0.038409,WT C-term,0,3/1/19,0,674.463256,0,0,Treg,0.5,0
0.012803,WT C-term,0,3/1/19,0,449.115722,0,0,Treg,0.5,0
0.004268,WT C-term,0,3/1/19,0,339.79895,0,0,Treg,0.5,0
0.001423,WT C-term,0,3/1/19,0,45.407714,0,0,Treg,0.5,0
0.000474,WT C-term,0,3/1/19,0,0,0,0,Treg,0.5,0
84,WT C-term,0,3/1/19,0,21827.03845,0,0,Treg,1,0
28,WT C-term,0,3/1/19,0,17868.1615,0,0,Treg,1,0
9.333333,WT C-term,0,3/1/19,0,19562.31775,0,0,Treg,1,0
3.111,WT C-term,0,3/1/19,0,18040.47986,0,0,Treg,1,0
1.037037,WT C-term,0,3/1/19,0,14019.35974,0,0,Treg,1,0
0.345679,WT C-term,0,3/1/19,0,10277.08728,0,0,Treg,1,0
0.115226,WT C-term,0,3/1/19,0,4871.607299,0,0,Treg,1,0
0.038409,WT C-term,0,3/1/19,0,1144.649047,0,0,Treg,1,0
0.012803,WT C-term,0,3/1/19,0,305.246948,0,0,Treg,1,0
0.004268,WT C-term,0,3/1/19,0,0,0,0,Treg,1,0
0.001423,WT C-term,0,3/1/19,0,123.547485,0,0,Treg,1,0
0.000474,WT C-term,0,3/1/19,0,240.281128,0,0,Treg,1,0
84,WT C-term,0,3/1/19,0,23152.46778,0,0,Treg,2,0
28,WT C-term,0,3/1/19,0,21179.48145,0,0,Treg,2,0
9.333333,WT C-term,0,3/1/19,0,24172.25879,0,0,Treg,2,0
3.111,WT C-term,0,3/1/19,0,19441.95996,0,0,Treg,2,0
1.037037,WT C-term,0,3/1/19,0,18651.19824,0,0,Treg,2,0
0.345679,WT C-term,0,3/1/19,0,16774.56934,0,0,Treg,2,0
0.115226,WT C-term,0,3/1/19,0,10429.68067,0,0,Treg,2,0
0.038409,WT C-term,0,3/1/19,0,3032.279296,0,0,Treg,2,0
0.012803,WT C-term,0,3/1/19,0,442.839843,0,0,Treg,2,0
0.004268,WT C-term,0,3/1/19,0,284.687988,0,0,Treg,2,0
0.001423,WT C-term,0,3/1/19,0,126.212402,0,0,Treg,2,0
0.000474,WT C-term,0,3/1/19,0,0,0,0,Treg,2,0
84,WT C-term,0,3/1/19,0,23581.34754,0,0,Treg,4,0
28,WT C-term,0,3/1/19,0,25390.74793,0,0,Treg,4,0
9.333333,WT C-term,0,3/1/19,0,23235.8241,0,0,Treg,4,0
3.111,WT C-term,0,3/1/19,0,23399.26355,0,0,Treg,4,0
1.037037,WT C-term,0,3/1/19,0,22216.94519,0,0,Treg,4,0
0.345679,WT C-term,0,3/1/19,0,23606.95105,0,0,Treg,4,0
0.115226,WT C-term,0,3/1/19,0,20476.18543,0,0,Treg,4,0
0.038409,WT C-term,0,3/1/19,0,17461.39051,0,0,Treg,4,0
0.012803,WT C-term,0,3/1/19,0,11818.60535,0,0,Treg,4,0
0.004268,WT C-term,0,3/1/19,0,2749.327514,0,0,Treg,4,0
0.001423,WT C-term,0,3/1/19,0,989.095581,0,0,Treg,4,0
0.000474,WT C-term,0,3/1/19,0,0,0,0,Treg,4,0
84,WT C-term,0,3/1/19,0,9524.700078,0,0,Thelper,0.5,0
28,WT C-term,0,3/1/19,0,7964.649292,0,0,Thelper,0.5,0
9.333333,WT C-term,0,3/1/19,0,1273.559693,0,0,Thelper,0.5,0
3.111,WT C-term,0,3/1/19,0,833.328492,0,0,Thelper,0.5,0
1.037037,WT C-term,0,3/1/19,0,568.942994,0,0,Thelper,0.5,0
0.345679,WT C-term,0,3/1/19,0,394.231568,0,0,Thelper,0.5,0
0.115226,WT C-term,0,3/1/19,0,267.323121,0,0,Thelper,0.5,0
0.038409,WT C-term,0,3/1/19,0,211.682251,0,0,Thelper,0.5,0
0.012803,WT C-term,0,3/1/19,0,159.224244,0,0,Thelper,0.5,0
0.004268,WT C-term,0,3/1/19,0,100.685791,0,0,Thelper,0.5,0
0.001423,WT C-term,0,3/1/19,0,135.773804,0,0,Thelper,0.5,0
0.000474,WT C-term,0,3/1/19,0,0,0,0,Thelper,0.5,0
84,WT C-term,0,3/1/19,0,4460.63562,0,0,Thelper,1,0
28,WT C-term,0,3/1/19,0,3168.335815,0,0,Thelper,1,0
9.333333,WT C-term,0,3/1/19,0,1518.790649,0,0,Thelper,1,0
3.111,WT C-term,0,3/1/19,0,883.540161,0,0,Thelper,1,0
1.037037,WT C-term,0,3/1/19,0,604.131958,0,0,Thelper,1,0
0.345679,WT C-term,0,3/1/19,0,235.659058,0,0,Thelper,1,0
0.115226,WT C-term,0,3/1/19,0,270.559082,0,0,Thelper,1,0
0.038409,WT C-term,0,3/1/19,0,93.994751,0,0,Thelper,1,0
0.012803,WT C-term,0,3/1/19,0,0,0,0,Thelper,1,0
0.004268,WT C-term,0,3/1/19,0,17.959473,0,0,Thelper,1,0
0.001423,WT C-term,0,3/1/19,0,42.571411,0,0,Thelper,1,0
0.000474,WT C-term,0,3/1/19,0,177.056885,0,0,Thelper,1,0
84,WT C-term,0,3/1/19,0,3378.528321,0,0,Thelper,2,0
28,WT C-term,0,3/1/19,0,2419.441651,0,0,Thelper,2,0
9.333333,WT C-term,0,3/1/19,0,1629.556153,0,0,Thelper,2,0
3.111,WT C-term,0,3/1/19,0,1199.738282,0,0,Thelper,2,0
1.037037,WT C-term,0,3/1/19,0,1021.32959,0,0,Thelper,2,0
0.345679,WT C-term,0,3/1/19,0,535.306519,0,0,Thelper,2,0
0.115226,WT C-term,0,3/1/19,0,262.760743,0,0,Thelper,2,0
0.038409,WT C-term,0,3/1/19,0,107.450928,0,0,Thelper,2,0
0.012803,WT C-term,0,3/1/19,0,91.153687,0,0,Thelper,2,0
0.004268,WT C-term,0,3/1/19,0,75.533814,0,0,Thelper,2,0
0.001423,WT C-term,0,3/1/19,0,89.181031,0,0,Thelper,2,0
0.000474,WT C-term,0,3/1/19,0,0,0,0,Thelper,2,0
84,WT C-term,0,3/1/19,0,7403.872437,0,0,Thelper,4,0
28,WT C-term,0,3/1/19,0,6222.048218,0,0,Thelper,4,0
9.333333,WT C-term,0,3/1/19,0,5232.307983,0,0,Thelper,4,0
3.111,WT C-term,0,3/1/19,0,3375.958862,0,0,Thelper,4,0
1.037037,WT C-term,0,3/1/19,0,2243.484253,0,0,Thelper,4,0
0.345679,WT C-term,0,3/1/19,0,1791.493042,0,0,Thelper,4,0
0.115226,WT C-term,0,3/1/19,0,1019.44397,0,0,Thelper,4,0
0.038409,WT C-term,0,3/1/19,0,546.089722,0,0,Thelper,4,0
0.012803,WT C-term,0,3/1/19,0,219.708862,0,0,Thelper,4,0
0.004268,WT C-term,0,3/1/19,0,52.430298,0,0,Thelper,4,0
0.001423,WT C-term,0,3/1/19,0,0,0,0,Thelper,4,0
0.000474,WT C-term,0,3/1/19,0,35.162842,0,0,Thelper,4,0
84,V91K C-term,0,3/1/19,0,761.1846008,0,0,NK,0.5,0
28,V91K C-term,0,3/1/19,0,389.9195862,0,0,NK,0.5,0
9.333333,V91K C-term,0,3/1/19,0,138.6266785,0,0,NK,0.5,0
3.111,V91K C-term,0,3/1/19,0,102.8806457,0,0,NK,0.5,0
1.037037,V91K C-term,0,3/1/19,0,53.2952576,0,0,NK,0.5,0
0.345679,V91K C-term,0,3/1/19,0,129.2753601,0,0,NK,0.5,0
0.115226,V91K C-term,0,3/1/19,0,145.6997375,0,0,NK,0.5,0
0.038409,V91K C-term,0,3/1/19,0,115.9892273,0,0,NK,0.5,0
0.012803,V91K C-term,0,3/1/19,0,51.8457336,0,0,NK,0.5,0
0.004268,V91K C-term,0,3/1/19,0,53.6401672,0,0,NK,0.5,0
0.001423,V91K C-term,0,3/1/19,0,115.5003967,0,0,NK,0.5,0
0.000474,V91K C-term,0,3/1/19,0,0,0,0,NK,0.5,0
84,V91K C-term,0,3/1/19,0,625.0263063,0,0,NK,1,0
28,V91K C-term,0,3/1/19,0,401.8286743,0,0,NK,1,0
9.333333,V91K C-term,0,3/1/19,0,210.5698242,0,0,NK,1,0
3.111,V91K C-term,0,3/1/19,0,123.1178588,0,0,NK,1,0
1.037037,V91K C-term,0,3/1/19,0,0,0,0,NK,1,0
0.345679,V91K C-term,0,3/1/19,0,144.015747,0,0,NK,1,0
0.115226,V91K C-term,0,3/1/19,0,79.5316772,0,0,NK,1,0
0.038409,V91K C-term,0,3/1/19,0,141.6835327,0,0,NK,1,0
0.012803,V91K C-term,0,3/1/19,0,155.2217407,0,0,NK,1,0
0.004268,V91K C-term,0,3/1/19,0,122.8692016,0,0,NK,1,0
0.001423,V91K C-term,0,3/1/19,0,174.6334228,0,0,NK,1,0
0.000474,V91K C-term,0,3/1/19,0,60.822998,0,0,NK,1,0
84,V91K C-term,0,3/1/19,0,510.5242004,0,0,NK,2,0
28,V91K C-term,0,3/1/19,0,298.4411316,0,0,NK,2,0
9.333333,V91K C-term,0,3/1/19,0,243.7701111,0,0,NK,2,0
3.111,V91K C-term,0,3/1/19,0,226.1527405,0,0,NK,2,0
1.037037,V91K C-term,0,3/1/19,0,184.5988464,0,0,NK,2,0
0.345679,V91K C-term,0,3/1/19,0,78.7501526,0,0,NK,2,0
0.115226,V91K C-term,0,3/1/19,0,161.0007629,0,0,NK,2,0
0.038409,V91K C-term,0,3/1/19,0,165.1998596,0,0,NK,2,0
0.012803,V91K C-term,0,3/1/19,0,0,0,0,NK,2,0
0.004268,V91K C-term,0,3/1/19,0,41.8062439,0,0,NK,2,0
0.001423,V91K C-term,0,3/1/19,0,102.6633606,0,0,NK,2,0
0.000474,V91K C-term,0,3/1/19,0,51.6994324,0,0,NK,2,0
84,V91K C-term,0,3/1/19,0,510.2443236,0,0,NK,4,0
28,V91K C-term,0,3/1/19,0,316.9335327,0,0,NK,4,0
9.333333,V91K C-term,0,3/1/19,0,240.1965332,0,0,NK,4,0
3.111,V91K C-term,0,3/1/19,0,150.2659302,0,0,NK,4,0
1.037037,V91K C-term,0,3/1/19,0,0,0,0,NK,4,0
0.345679,V91K C-term,0,3/1/19,0,155.2177124,0,0,NK,4,0
0.115226,V91K C-term,0,3/1/19,0,94.1209717,0,0,NK,4,0
0.038409,V91K C-term,0,3/1/19,0,43.0361328,0,0,NK,4,0
0.012803,V91K C-term,0,3/1/19,0,42.5003662,0,0,NK,4,0
0.004268,V91K C-term,0,3/1/19,0,41.3563843,0,0,NK,4,0
0.001423,V91K C-term,0,3/1/19,0,90.6664429,0,0,NK,4,0
0.000474,V91K C-term,0,3/1/19,0,98.314209,0,0,NK,4,0
84,V91K C-term,0,3/1/19,0,448.9833989,0,0,CD8,0.5,0
28,V91K C-term,0,3/1/19,0,267.5046387,0,0,CD8,0.5,0
9.333333,V91K C-term,0,3/1/19,0,92.3323975,0,0,CD8,0.5,0
3.111,V91K C-term,0,3/1/19,0,5.2354737,0,0,CD8,0.5,0
1.037037,V91K C-term,0,3/1/19,0,36.7834473,0,0,CD8,0.5,0
0.345679,V91K C-term,0,3/1/19,0,44.031128,0,0,CD8,0.5,0
0.115226,V91K C-term,0,3/1/19,0,57.7475586,0,0,CD8,0.5,0
0.038409,V91K C-term,0,3/1/19,0,32.6634522,0,0,CD8,0.5,0
0.012803,V91K C-term,0,3/1/19,0,32.6830445,0,0,CD8,0.5,0
0.004268,V91K C-term,0,3/1/19,0,0,0,0,CD8,0.5,0
0.001423,V91K C-term,0,3/1/19,0,5.1669922,0,0,CD8,0.5,0
0.000474,V91K C-term,0,3/1/19,0,6.0881348,0,0,CD8,0.5,0
84,V91K C-term,0,3/1/19,0,404.7631228,0,0,CD8,1,0
28,V91K C-term,0,3/1/19,0,140.6043701,0,0,CD8,1,0
9.333333,V91K C-term,0,3/1/19,0,108.2192382,0,0,CD8,1,0
3.111,V91K C-term,0,3/1/19,0,34.0470581,0,0,CD8,1,0
1.037037,V91K C-term,0,3/1/19,0,0,0,0,CD8,1,0
0.345679,V91K C-term,0,3/1/19,0,58.2514038,0,0,CD8,1,0
0.115226,V91K C-term,0,3/1/19,0,39.515686,0,0,CD8,1,0
0.038409,V91K C-term,0,3/1/19,0,22.6195678,0,0,CD8,1,0
0.012803,V91K C-term,0,3/1/19,0,58.7669677,0,0,CD8,1,0
0.004268,V91K C-term,0,3/1/19,0,60.8864135,0,0,CD8,1,0
0.001423,V91K C-term,0,3/1/19,0,86.5967407,0,0,CD8,1,0
0.000474,V91K C-term,0,3/1/19,0,33.4782714,0,0,CD8,1,0
84,V91K C-term,0,3/1/19,0,461.8576047,0,0,CD8,2,0
28,V91K C-term,0,3/1/19,0,125.4896851,0,0,CD8,2,0
9.333333,V91K C-term,0,3/1/19,0,53.7886963,0,0,CD8,2,0
3.111,V91K C-term,0,3/1/19,0,53.4932251,0,0,CD8,2,0
1.037037,V91K C-term,0,3/1/19,0,61.0730591,0,0,CD8,2,0
0.345679,V91K C-term,0,3/1/19,0,32.159729,0,0,CD8,2,0
0.115226,V91K C-term,0,3/1/19,0,46.5361328,0,0,CD8,2,0
0.038409,V91K C-term,0,3/1/19,0,76.0774536,0,0,CD8,2,0
0.012803,V91K C-term,0,3/1/19,0,39.7961426,0,0,CD8,2,0
0.004268,V91K C-term,0,3/1/19,0,41.5842896,0,0,CD8,2,0
0.001423,V91K C-term,0,3/1/19,0,43.8798218,0,0,CD8,2,0
0.000474,V91K C-term,0,3/1/19,0,0,0,0,CD8,2,0
84,V91K C-term,0,3/1/19,0,300.5393071,0,0,CD8,4,0
28,V91K C-term,0,3/1/19,0,190.4434205,0,0,CD8,4,0
9.333333,V91K C-term,0,3/1/19,0,90.2519532,0,0,CD8,4,0
3.111,V91K C-term,0,3/1/19,0,57.0765381,0,0,CD8,4,0
1.037037,V91K C-term,0,3/1/19,0,0,0,0,CD8,4,0
0.345679,V91K C-term,0,3/1/19,0,66.5476075,0,0,CD8,4,0
0.115226,V91K C-term,0,3/1/19,0,11.123169,0,0,CD8,4,0
0.038409,V91K C-term,0,3/1/19,0,1.4471436,0,0,CD8,4,0
0.012803,V91K C-term,0,3/1/19,0,4.9552613,0,0,CD8,4,0
0.004268,V91K C-term,0,3/1/19,0,25.321167,0,0,CD8,4,0
0.001423,V91K C-term,0,3/1/19,0,36.505127,0,0,CD8,4,0
0.000474,V91K C-term,0,3/1/19,0,6.5081177,0,0,CD8,4,0
84,V91K C-term,0,3/1/19,0,22881.16016,0,0,Treg,0.5,0
28,V91K C-term,0,3/1/19,0,21657.63086,0,0,Treg,0.5,0
9.333333,V91K C-term,0,3/1/19,0,6088.244141,0,0,Treg,0.5,0
3.111,V91K C-term,0,3/1/19,0,1721.10498,0,0,Treg,0.5,0
1.037037,V91K C-term,0,3/1/19,0,811.041016,0,0,Treg,0.5,0
0.345679,V91K C-term,0,3/1/19,0,1080.308838,0,0,Treg,0.5,0
0.115226,V91K C-term,0,3/1/19,0,189.561523,0,0,Treg,0.5,0
0.038409,V91K C-term,0,3/1/19,0,478.968506,0,0,Treg,0.5,0
0.012803,V91K C-term,0,3/1/19,0,81.213135,0,0,Treg,0.5,0
0.004268,V91K C-term,0,3/1/19,0,674.53125,0,0,Treg,0.5,0
0.001423,V91K C-term,0,3/1/19,0,0,0,0,Treg,0.5,0
0.000474,V91K C-term,0,3/1/19,0,113.458496,0,0,Treg,0.5,0
84,V91K C-term,0,3/1/19,0,16926.59558,0,0,Treg,1,0
28,V91K C-term,0,3/1/19,0,17470.65417,0,0,Treg,1,0
9.333333,V91K C-term,0,3/1/19,0,9218.995972,0,0,Treg,1,0
3.111,V91K C-term,0,3/1/19,0,3471.880249,0,0,Treg,1,0
1.037037,V91K C-term,0,3/1/19,0,1026.4469,0,0,Treg,1,0
0.345679,V91K C-term,0,3/1/19,0,544.129029,0,0,Treg,1,0
0.115226,V91K C-term,0,3/1/19,0,543.689576,0,0,Treg,1,0
0.038409,V91K C-term,0,3/1/19,0,399.246582,0,0,Treg,1,0
0.012803,V91K C-term,0,3/1/19,0,348.745728,0,0,Treg,1,0
0.004268,V91K C-term,0,3/1/19,0,309.153565,0,0,Treg,1,0
0.001423,V91K C-term,0,3/1/19,0,252.171265,0,0,Treg,1,0
0.000474,V91K C-term,0,3/1/19,0,0,0,0,Treg,1,0
84,V91K C-term,0,3/1/19,0,18550.62561,0,0,Treg,2,0
28,V91K C-term,0,3/1/19,0,17008.50061,0,0,Treg,2,0
9.333333,V91K C-term,0,3/1/19,0,14377.63538,0,0,Treg,2,0
3.111,V91K C-term,0,3/1/19,0,11301.17444,0,0,Treg,2,0
1.037037,V91K C-term,0,3/1/19,0,1823.099731,0,0,Treg,2,0
0.345679,V91K C-term,0,3/1/19,0,2903.907104,0,0,Treg,2,0
0.115226,V91K C-term,0,3/1/19,0,1016.130005,0,0,Treg,2,0
0.038409,V91K C-term,0,3/1/19,0,555.739624,0,0,Treg,2,0
0.012803,V91K C-term,0,3/1/19,0,282.737549,0,0,Treg,2,0
0.004268,V91K C-term,0,3/1/19,0,298.122681,0,0,Treg,2,0
0.001423,V91K C-term,0,3/1/19,0,401.307007,0,0,Treg,2,0
0.000474,V91K C-term,0,3/1/19,0,0,0,0,Treg,2,0
84,V91K C-term,0,3/1/19,0,15175.11817,0,0,Treg,4,0
28,V91K C-term,0,3/1/19,0,17688.52637,0,0,Treg,4,0
9.333333,V91K C-term,0,3/1/19,0,17481.08106,0,0,Treg,4,0
3.111,V91K C-term,0,3/1/19,0,14405.95215,0,0,Treg,4,0
1.037037,V91K C-term,0,3/1/19,0,11666.67676,0,0,Treg,4,0
0.345679,V91K C-term,0,3/1/19,0,10114.49805,0,0,Treg,4,0
0.115226,V91K C-term,0,3/1/19,0,4439.223145,0,0,Treg,4,0
0.038409,V91K C-term,0,3/1/19,0,1888.579102,0,0,Treg,4,0
0.012803,V91K C-term,0,3/1/19,0,309.722412,0,0,Treg,4,0
0.004268,V91K C-term,0,3/1/19,0,228.726685,0,0,Treg,4,0
0.001423,V91K C-term,0,3/1/19,0,447.985108,0,0,Treg,4,0
0.000474,V91K C-term,0,3/1/19,0,0,0,0,Treg,4,0
84,V91K C-term,0,3/1/19,0,2555.365479,0,0,Thelper,0.5,0
28,V91K C-term,0,3/1/19,0,1865.768799,0,0,Thelper,0.5,0
9.333333,V91K C-term,0,3/1/19,0,455.772339,0,0,Thelper,0.5,0
3.111,V91K C-term,0,3/1/19,0,484.335938,0,0,Thelper,0.5,0
1.037037,V91K C-term,0,3/1/19,0,543.879517,0,0,Thelper,0.5,0
0.345679,V91K C-term,0,3/1/19,0,448.9375,0,0,Thelper,0.5,0
0.115226,V91K C-term,0,3/1/19,0,356.579468,0,0,Thelper,0.5,0
0.038409,V91K C-term,0,3/1/19,0,394.371826,0,0,Thelper,0.5,0
0.012803,V91K C-term,0,3/1/19,0,225.408569,0,0,Thelper,0.5,0
0.004268,V91K C-term,0,3/1/19,0,221.200562,0,0,Thelper,0.5,0
0.001423,V91K C-term,0,3/1/19,0,121.692627,0,0,Thelper,0.5,0
0.000474,V91K C-term,0,3/1/19,0,0,0,0,Thelper,0.5,0
84,V91K C-term,0,3/1/19,0,2451.595093,0,0,Thelper,1,0
28,V91K C-term,0,3/1/19,0,1828.806763,0,0,Thelper,1,0
9.333333,V91K C-term,0,3/1/19,0,769.361694,0,0,Thelper,1,0
3.111,V91K C-term,0,3/1/19,0,610.161865,0,0,Thelper,1,0
1.037037,V91K C-term,0,3/1/19,0,548.434448,0,0,Thelper,1,0
0.345679,V91K C-term,0,3/1/19,0,626.83081,0,0,Thelper,1,0
0.115226,V91K C-term,0,3/1/19,0,468.793823,0,0,Thelper,1,0
0.038409,V91K C-term,0,3/1/19,0,446.79187,0,0,Thelper,1,0
0.012803,V91K C-term,0,3/1/19,0,397.885376,0,0,Thelper,1,0
0.004268,V91K C-term,0,3/1/19,0,248.108398,0,0,Thelper,1,0
0.001423,V91K C-term,0,3/1/19,0,289.143921,0,0,Thelper,1,0
0.000474,V91K C-term,0,3/1/19,0,0,0,0,Thelper,1,0
84,V91K C-term,0,3/1/19,0,1882.368836,0,0,Thelper,2,0
28,V91K C-term,0,3/1/19,0,1480.703797,0,0,Thelper,2,0
9.333333,V91K C-term,0,3/1/19,0,918.2186887,0,0,Thelper,2,0
3.111,V91K C-term,0,3/1/19,0,727.9616087,0,0,Thelper,2,0
1.037037,V91K C-term,0,3/1/19,0,574.3848267,0,0,Thelper,2,0
0.345679,V91K C-term,0,3/1/19,0,564.8307497,0,0,Thelper,2,0
0.115226,V91K C-term,0,3/1/19,0,549.9826047,0,0,Thelper,2,0
0.038409,V91K C-term,0,3/1/19,0,433.1178587,0,0,Thelper,2,0
0.012803,V91K C-term,0,3/1/19,0,289.5430297,0,0,Thelper,2,0
0.004268,V91K C-term,0,3/1/19,0,293.9140017,0,0,Thelper,2,0
0.001423,V91K C-term,0,3/1/19,0,169.7584837,0,0,Thelper,2,0
0.000474,V91K C-term,0,3/1/19,0,0,0,0,Thelper,2,0
84,V91K C-term,0,3/1/19,0,2046.580323,0,0,Thelper,4,0
28,V91K C-term,0,3/1/19,0,1568.282715,0,0,Thelper,4,0
9.333333,V91K C-term,0,3/1/19,0,1344.431885,0,0,Thelper,4,0
3.111,V91K C-term,0,3/1/19,0,879.42627,0,0,Thelper,4,0
1.037037,V91K C-term,0,3/1/19,0,470.309082,0,0,Thelper,4,0
0.345679,V91K C-term,0,3/1/19,0,304.569092,0,0,Thelper,4,0
0.115226,V91K C-term,0,3/1/19,0,230.480469,0,0,Thelper,4,0
0.038409,V91K C-term,0,3/1/19,0,135.965088,0,0,Thelper,4,0
0.012803,V91K C-term,0,3/1/19,0,27.153565,0,0,Thelper,4,0
0.004268,V91K C-term,0,3/1/19,0,12.559327,0,0,Thelper,4,0
0.001423,V91K C-term,0,3/1/19,0,90.401001,0,0,Thelper,4,0
0.000474,V91K C-term,0,3/1/19,0,0,0,0,Thelper,4,0
84,R38Q N-term,0,3/1/19,0,1418.46521,0,0,NK,0.5,0
28,R38Q N-term,0,3/1/19,0,1038.809082,0,0,NK,0.5,0
9.333333,R38Q N-term,0,3/1/19,0,238.5204468,0,0,NK,0.5,0
3.111,R38Q N-term,0,3/1/19,0,195.2174072,0,0,NK,0.5,0
1.037037,R38Q N-term,0,3/1/19,0,260.8384399,0,0,NK,0.5,0
0.345679,R38Q N-term,0,3/1/19,0,107.9681396,0,0,NK,0.5,0
0.115226,R38Q N-term,0,3/1/19,0,76.0484009,0,0,NK,0.5,0
0.038409,R38Q N-term,0,3/1/19,0,93.8807373,0,0,NK,0.5,0
0.012803,R38Q N-term,0,3/1/19,0,119.0488281,0,0,NK,0.5,0
0.004268,R38Q N-term,0,3/1/19,0,0,0,0,NK,0.5,0
0.001423,R38Q N-term,0,3/1/19,0,4.3800049,0,0,NK,0.5,0
0.000474,R38Q N-term,0,3/1/19,0,48.8012695,0,0,NK,0.5,0
84,R38Q N-term,0,3/1/19,0,1342.700439,0,0,NK,1,0
28,R38Q N-term,0,3/1/19,0,906.5800781,0,0,NK,1,0
9.333333,R38Q N-term,0,3/1/19,0,231.5634765,0,0,NK,1,0
3.111,R38Q N-term,0,3/1/19,0,99.3674926,0,0,NK,1,0
1.037037,R38Q N-term,0,3/1/19,0,132.9612426,0,0,NK,1,0
0.345679,R38Q N-term,0,3/1/19,0,66.5748901,0,0,NK,1,0
0.115226,R38Q N-term,0,3/1/19,0,119.1760864,0,0,NK,1,0
0.038409,R38Q N-term,0,3/1/19,0,40.1942138,0,0,NK,1,0
0.012803,R38Q N-term,0,3/1/19,0,82.9179077,0,0,NK,1,0
0.004268,R38Q N-term,0,3/1/19,0,57.003479,0,0,NK,1,0
0.001423,R38Q N-term,0,3/1/19,0,0,0,0,NK,1,0
0.000474,R38Q N-term,0,3/1/19,0,22.725708,0,0,NK,1,0
84,R38Q N-term,0,3/1/19,0,1360.277221,0,0,NK,2,0
28,R38Q N-term,0,3/1/19,0,898.8101804,0,0,NK,2,0
9.333333,R38Q N-term,0,3/1/19,0,258.4961548,0,0,NK,2,0
3.111,R38Q N-term,0,3/1/19,0,180.1649781,0,0,NK,2,0
1.037037,R38Q N-term,0,3/1/19,0,183.2216187,0,0,NK,2,0
0.345679,R38Q N-term,0,3/1/19,0,70.2872925,0,0,NK,2,0
0.115226,R38Q N-term,0,3/1/19,0,0,0,0,NK,2,0
0.038409,R38Q N-term,0,3/1/19,0,89.4509278,0,0,NK,2,0
0.012803,R38Q N-term,0,3/1/19,0,86.8900147,0,0,NK,2,0
0.004268,R38Q N-term,0,3/1/19,0,64.1516724,0,0,NK,2,0
0.001423,R38Q N-term,0,3/1/19,0,80.8122559,0,0,NK,2,0
0.000474,R38Q N-term,0,3/1/19,0,49.1783448,0,0,NK,2,0
84,R38Q N-term,0,3/1/19,0,1463.483093,0,0,NK,4,0
28,R38Q N-term,0,3/1/19,0,1139.754333,0,0,NK,4,0
9.333333,R38Q N-term,0,3/1/19,0,982.193054,0,0,NK,4,0
3.111,R38Q N-term,0,3/1/19,0,474.816833,0,0,NK,4,0
1.037037,R38Q N-term,0,3/1/19,0,277.6769409,0,0,NK,4,0
0.345679,R38Q N-term,0,3/1/19,0,91.5653686,0,0,NK,4,0
0.115226,R38Q N-term,0,3/1/19,0,21.1672973,0,0,NK,4,0
0.038409,R38Q N-term,0,3/1/19,0,68.8843994,0,0,NK,4,0
0.012803,R38Q N-term,0,3/1/19,0,9.2111816,0,0,NK,4,0
0.004268,R38Q N-term,0,3/1/19,0,30.659851,0,0,NK,4,0
0.001423,R38Q N-term,0,3/1/19,0,82.5477905,0,0,NK,4,0
0.000474,R38Q N-term,0,3/1/19,0,0,0,0,NK,4,0
84,R38Q N-term,0,3/1/19,0,1916.947204,0,0,CD8,0.5,0
28,R38Q N-term,0,3/1/19,0,848.3469852,0,0,CD8,0.5,0
9.333333,R38Q N-term,0,3/1/19,0,110.3354492,0,0,CD8,0.5,0
3.111,R38Q N-term,0,3/1/19,0,136.112793,0,0,CD8,0.5,0
1.037037,R38Q N-term,0,3/1/19,0,109.0582886,0,0,CD8,0.5,0
0.345679,R38Q N-term,0,3/1/19,0,55.2040405,0,0,CD8,0.5,0
0.115226,R38Q N-term,0,3/1/19,0,63.204773,0,0,CD8,0.5,0
0.038409,R38Q N-term,0,3/1/19,0,26.1532593,0,0,CD8,0.5,0
0.012803,R38Q N-term,0,3/1/19,0,17.2783814,0,0,CD8,0.5,0
0.004268,R38Q N-term,0,3/1/19,0,27.0685425,0,0,CD8,0.5,0
0.001423,R38Q N-term,0,3/1/19,0,20.0123291,0,0,CD8,0.5,0
0.000474,R38Q N-term,0,3/1/19,0,0,0,0,CD8,0.5,0
84,R38Q N-term,0,3/1/19,0,1637.709228,0,0,CD8,1,0
28,R38Q N-term,0,3/1/19,0,645.1328122,0,0,CD8,1,0
9.333333,R38Q N-term,0,3/1/19,0,92.5618896,0,0,CD8,1,0
3.111,R38Q N-term,0,3/1/19,0,59.4641113,0,0,CD8,1,0
1.037037,R38Q N-term,0,3/1/19,0,18.0888671,0,0,CD8,1,0
0.345679,R38Q N-term,0,3/1/19,0,67.65625,0,0,CD8,1,0
0.115226,R38Q N-term,0,3/1/19,0,46.0701293,0,0,CD8,1,0
0.038409,R38Q N-term,0,3/1/19,0,88.5303344,0,0,CD8,1,0
0.012803,R38Q N-term,0,3/1/19,0,49.2192993,0,0,CD8,1,0
0.004268,R38Q N-term,0,3/1/19,0,19.430603,0,0,CD8,1,0
0.001423,R38Q N-term,0,3/1/19,0,27.515625,0,0,CD8,1,0
0.000474,R38Q N-term,0,3/1/19,0,0,0,0,CD8,1,0
84,R38Q N-term,0,3/1/19,0,1580,0,0,CD8,2,0
28,R38Q N-term,0,3/1/19,0,634.4548344,0,0,CD8,2,0
9.333333,R38Q N-term,0,3/1/19,0,147.447876,0,0,CD8,2,0
3.111,R38Q N-term,0,3/1/19,0,83.0682373,0,0,CD8,2,0
1.037037,R38Q N-term,0,3/1/19,0,91.4886475,0,0,CD8,2,0
0.345679,R38Q N-term,0,3/1/19,0,47.5134278,0,0,CD8,2,0
0.115226,R38Q N-term,0,3/1/19,0,19.1600342,0,0,CD8,2,0
0.038409,R38Q N-term,0,3/1/19,0,20.1012573,0,0,CD8,2,0
0.012803,R38Q N-term,0,3/1/19,0,28.0300293,0,0,CD8,2,0
0.004268,R38Q N-term,0,3/1/19,0,61.9251709,0,0,CD8,2,0
0.001423,R38Q N-term,0,3/1/19,0,15.9729004,0,0,CD8,2,0
0.000474,R38Q N-term,0,3/1/19,0,0,0,0,CD8,2,0
84,R38Q N-term,0,3/1/19,0,1952.427185,0,0,CD8,4,0
28,R38Q N-term,0,3/1/19,0,1095.106873,0,0,CD8,4,0
9.333333,R38Q N-term,0,3/1/19,0,577.8507687,0,0,CD8,4,0
3.111,R38Q N-term,0,3/1/19,0,224.9537963,0,0,CD8,4,0
1.037037,R38Q N-term,0,3/1/19,0,168.3862915,0,0,CD8,4,0
0.345679,R38Q N-term,0,3/1/19,0,58.6091308,0,0,CD8,4,0
0.115226,R38Q N-term,0,3/1/19,0,60.925354,0,0,CD8,4,0
0.038409,R38Q N-term,0,3/1/19,0,43.1975097,0,0,CD8,4,0
0.012803,R38Q N-term,0,3/1/19,0,18.4877319,0,0,CD8,4,0
0.004268,R38Q N-term,0,3/1/19,0,17.6699218,0,0,CD8,4,0
0.001423,R38Q N-term,0,3/1/19,0,0,0,0,CD8,4,0
0.000474,R38Q N-term,0,3/1/19,0,11.5359497,0,0,CD8,4,0
84,R38Q N-term,0,3/1/19,0,27711.94702,0,0,Treg,0.5,0
28,R38Q N-term,0,3/1/19,0,22791.20288,0,0,Treg,0.5,0
9.333333,R38Q N-term,0,3/1/19,0,18141.82398,0,0,Treg,0.5,0
3.111,R38Q N-term,0,3/1/19,0,10851.97046,0,0,Treg,0.5,0
1.037037,R38Q N-term,0,3/1/19,0,1654.340577,0,0,Treg,0.5,0
0.345679,R38Q N-term,0,3/1/19,0,649.265381,0,0,Treg,0.5,0
0.115226,R38Q N-term,0,3/1/19,0,991.838135,0,0,Treg,0.5,0
0.038409,R38Q N-term,0,3/1/19,0,301.393799,0,0,Treg,0.5,0
0.012803,R38Q N-term,0,3/1/19,0,565.925049,0,0,Treg,0.5,0
0.004268,R38Q N-term,0,3/1/19,0,261.646241,0,0,Treg,0.5,0
0.001423,R38Q N-term,0,3/1/19,0,286.732666,0,0,Treg,0.5,0
0.000474,R38Q N-term,0,3/1/19,0,0,0,0,Treg,0.5,0
84,R38Q N-term,0,3/1/19,0,25440.69849,0,0,Treg,1,0
28,R38Q N-term,0,3/1/19,0,22030.82154,0,0,Treg,1,0
9.333333,R38Q N-term,0,3/1/19,0,20634.60669,0,0,Treg,1,0
3.111,R38Q N-term,0,3/1/19,0,10614.20337,0,0,Treg,1,0
1.037037,R38Q N-term,0,3/1/19,0,2128.948486,0,0,Treg,1,0
0.345679,R38Q N-term,0,3/1/19,0,417.849854,0,0,Treg,1,0
0.115226,R38Q N-term,0,3/1/19,0,545.162842,0,0,Treg,1,0
0.038409,R38Q N-term,0,3/1/19,0,739.999268,0,0,Treg,1,0
0.012803,R38Q N-term,0,3/1/19,0,197.183228,0,0,Treg,1,0
0.004268,R38Q N-term,0,3/1/19,0,161.701904,0,0,Treg,1,0
0.001423,R38Q N-term,0,3/1/19,0,103.780518,0,0,Treg,1,0
0.000474,R38Q N-term,0,3/1/19,0,0,0,0,Treg,1,0
84,R38Q N-term,0,3/1/19,0,22134.44886,0,0,Treg,2,0
28,R38Q N-term,0,3/1/19,0,21266.28284,0,0,Treg,2,0
9.333333,R38Q N-term,0,3/1/19,0,20699.47229,0,0,Treg,2,0
3.111,R38Q N-term,0,3/1/19,0,14982.74964,0,0,Treg,2,0
1.037037,R38Q N-term,0,3/1/19,0,9663.584598,0,0,Treg,2,0
0.345679,R38Q N-term,0,3/1/19,0,2756.849244,0,0,Treg,2,0
0.115226,R38Q N-term,0,3/1/19,0,913.149292,0,0,Treg,2,0
0.038409,R38Q N-term,0,3/1/19,0,759.035279,0,0,Treg,2,0
0.012803,R38Q N-term,0,3/1/19,0,247.123902,0,0,Treg,2,0
0.004268,R38Q N-term,0,3/1/19,0,148.51648,0,0,Treg,2,0
0.001423,R38Q N-term,0,3/1/19,0,536.054566,0,0,Treg,2,0
0.000474,R38Q N-term,0,3/1/19,0,0,0,0,Treg,2,0
84,R38Q N-term,0,3/1/19,0,27558.83862,0,0,Treg,4,0
28,R38Q N-term,0,3/1/19,0,22037.90307,0,0,Treg,4,0
9.333333,R38Q N-term,0,3/1/19,0,23566.18823,0,0,Treg,4,0
3.111,R38Q N-term,0,3/1/19,0,19623.41089,0,0,Treg,4,0
1.037037,R38Q N-term,0,3/1/19,0,18018.00073,0,0,Treg,4,0
0.345679,R38Q N-term,0,3/1/19,0,15470.33276,0,0,Treg,4,0
0.115226,R38Q N-term,0,3/1/19,0,8782.128664,0,0,Treg,4,0
0.038409,R38Q N-term,0,3/1/19,0,2522.244385,0,0,Treg,4,0
0.012803,R38Q N-term,0,3/1/19,0,955.973389,0,0,Treg,4,0
0.004268,R38Q N-term,0,3/1/19,0,212.63916,0,0,Treg,4,0
0.001423,R38Q N-term,0,3/1/19,0,0,0,0,Treg,4,0
0.000474,R38Q N-term,0,3/1/19,0,23.651612,0,0,Treg,4,0
84,R38Q N-term,0,3/1/19,0,9630.07178,0,0,Thelper,0.5,0
28,R38Q N-term,0,3/1/19,0,4883.710449,0,0,Thelper,0.5,0
9.333333,R38Q N-term,0,3/1/19,0,696.799317,0,0,Thelper,0.5,0
3.111,R38Q N-term,0,3/1/19,0,474.93457,0,0,Thelper,0.5,0
1.037037,R38Q N-term,0,3/1/19,0,486.415283,0,0,Thelper,0.5,0
0.345679,R38Q N-term,0,3/1/19,0,380.390381,0,0,Thelper,0.5,0
0.115226,R38Q N-term,0,3/1/19,0,384.013428,0,0,Thelper,0.5,0
0.038409,R38Q N-term,0,3/1/19,0,287.951172,0,0,Thelper,0.5,0
0.012803,R38Q N-term,0,3/1/19,0,434.441162,0,0,Thelper,0.5,0
0.004268,R38Q N-term,0,3/1/19,0,317.421997,0,0,Thelper,0.5,0
0.001423,R38Q N-term,0,3/1/19,0,148.351685,0,0,Thelper,0.5,0
0.000474,R38Q N-term,0,3/1/19,0,0,0,0,Thelper,0.5,0
84,R38Q N-term,0,3/1/19,0,4847.084229,0,0,Thelper,1,0
28,R38Q N-term,0,3/1/19,0,3055.417725,0,0,Thelper,1,0
9.333333,R38Q N-term,0,3/1/19,0,934.738282,0,0,Thelper,1,0
3.111,R38Q N-term,0,3/1/19,0,521.668457,0,0,Thelper,1,0
1.037037,R38Q N-term,0,3/1/19,0,379.017823,0,0,Thelper,1,0
0.345679,R38Q N-term,0,3/1/19,0,392.685181,0,0,Thelper,1,0
0.115226,R38Q N-term,0,3/1/19,0,517.070313,0,0,Thelper,1,0
0.038409,R38Q N-term,0,3/1/19,0,385.052613,0,0,Thelper,1,0
0.012803,R38Q N-term,0,3/1/19,0,468.396607,0,0,Thelper,1,0
0.004268,R38Q N-term,0,3/1/19,0,322.372681,0,0,Thelper,1,0
0.001423,R38Q N-term,0,3/1/19,0,259.964478,0,0,Thelper,1,0
0.000474,R38Q N-term,0,3/1/19,0,0,0,0,Thelper,1,0
84,R38Q N-term,0,3/1/19,0,2767.132691,0,0,Thelper,2,0
28,R38Q N-term,0,3/1/19,0,2363.925659,0,0,Thelper,2,0
9.333333,R38Q N-term,0,3/1/19,0,891.755738,0,0,Thelper,2,0
3.111,R38Q N-term,0,3/1/19,0,547.285034,0,0,Thelper,2,0
1.037037,R38Q N-term,0,3/1/19,0,469.338745,0,0,Thelper,2,0
0.345679,R38Q N-term,0,3/1/19,0,227.430786,0,0,Thelper,2,0
0.115226,R38Q N-term,0,3/1/19,0,269.290894,0,0,Thelper,2,0
0.038409,R38Q N-term,0,3/1/19,0,202.069336,0,0,Thelper,2,0
0.012803,R38Q N-term,0,3/1/19,0,130.306275,0,0,Thelper,2,0
0.004268,R38Q N-term,0,3/1/19,0,210.751343,0,0,Thelper,2,0
0.001423,R38Q N-term,0,3/1/19,0,250.94812,0,0,Thelper,2,0
0.000474,R38Q N-term,0,3/1/19,0,0,0,0,Thelper,2,0
84,R38Q N-term,0,3/1/19,0,6433.499756,0,0,Thelper,4,0
28,R38Q N-term,0,3/1/19,0,4044.479736,0,0,Thelper,4,0
9.333333,R38Q N-term,0,3/1/19,0,2854.915283,0,0,Thelper,4,0
3.111,R38Q N-term,0,3/1/19,0,1565.423096,0,0,Thelper,4,0
1.037037,R38Q N-term,0,3/1/19,0,1077.480225,0,0,Thelper,4,0
0.345679,R38Q N-term,0,3/1/19,0,711.985596,0,0,Thelper,4,0
0.115226,R38Q N-term,0,3/1/19,0,424.823731,0,0,Thelper,4,0
0.038409,R38Q N-term,0,3/1/19,0,282.363037,0,0,Thelper,4,0
0.012803,R38Q N-term,0,3/1/19,0,229.185791,0,0,Thelper,4,0
0.004268,R38Q N-term,0,3/1/19,0,210.431763,0,0,Thelper,4,0
0.001423,R38Q N-term,0,3/1/19,0,197.551758,0,0,Thelper,4,0
0.000474,R38Q N-term,0,3/1/19,0,0,0,0,Thelper,4,0
84,F42Q N-Term,0,3/1/19,0,3146.619751,0,0,NK,0.5,0
28,F42Q N-Term,0,3/1/19,0,2016.6073,0,0,NK,0.5,0
9.333333,F42Q N-Term,0,3/1/19,0,382.307373,0,0,NK,0.5,0
3.111,F42Q N-Term,0,3/1/19,0,352.877808,0,0,NK,0.5,0
1.037037,F42Q N-Term,0,3/1/19,0,299.614014,0,0,NK,0.5,0
0.345679,F42Q N-Term,0,3/1/19,0,91.630493,0,0,NK,0.5,0
0.115226,F42Q N-Term,0,3/1/19,0,58.692017,0,0,NK,0.5,0
0.038409,F42Q N-Term,0,3/1/19,0,149.310059,0,0,NK,0.5,0
0.012803,F42Q N-Term,0,3/1/19,0,205.64856,0,0,NK,0.5,0
0.004268,F42Q N-Term,0,3/1/19,0,224.66687,0,0,NK,0.5,0
0.001423,F42Q N-Term,0,3/1/19,0,6.539795,0,0,NK,0.5,0
0.000474,F42Q N-Term,0,3/1/19,0,0,0,0,NK,0.5,0
84,F42Q N-Term,0,3/1/19,0,3107.670594,0,0,NK,1,0
28,F42Q N-Term,0,3/1/19,0,2313.840272,0,0,NK,1,0
9.333333,F42Q N-Term,0,3/1/19,0,674.5307005,0,0,NK,1,0
3.111,F42Q N-Term,0,3/1/19,0,384.2844845,0,0,NK,1,0
1.037037,F42Q N-Term,0,3/1/19,0,9.522522,0,0,NK,1,0
0.345679,F42Q N-Term,0,3/1/19,0,476.7911985,0,0,NK,1,0
0.115226,F42Q N-Term,0,3/1/19,0,310.2030635,0,0,NK,1,0
0.038409,F42Q N-Term,0,3/1/19,0,310.0090945,0,0,NK,1,0
0.012803,F42Q N-Term,0,3/1/19,0,153.9928585,0,0,NK,1,0
0.004268,F42Q N-Term,0,3/1/19,0,316.5813595,0,0,NK,1,0
0.001423,F42Q N-Term,0,3/1/19,0,88.0502315,0,0,NK,1,0
0.000474,F42Q N-Term,0,3/1/19,0,0,0,0,NK,1,0
84,F42Q N-Term,0,3/1/19,0,2302.61084,0,0,NK,2,0
28,F42Q N-Term,0,3/1/19,0,2507.19336,0,0,NK,2,0
9.333333,F42Q N-Term,0,3/1/19,0,634.099732,0,0,NK,2,0
3.111,F42Q N-Term,0,3/1/19,0,560.497193,0,0,NK,2,0
1.037037,F42Q N-Term,0,3/1/19,0,296.166626,0,0,NK,2,0
0.345679,F42Q N-Term,0,3/1/19,0,149.714356,0,0,NK,2,0
0.115226,F42Q N-Term,0,3/1/19,0,82.135254,0,0,NK,2,0
0.038409,F42Q N-Term,0,3/1/19,0,180.978516,0,0,NK,2,0
0.012803,F42Q N-Term,0,3/1/19,0,58.303589,0,0,NK,2,0
0.004268,F42Q N-Term,0,3/1/19,0,1.541504,0,0,NK,2,0
0.001423,F42Q N-Term,0,3/1/19,0,59.159424,0,0,NK,2,0
0.000474,F42Q N-Term,0,3/1/19,0,0,0,0,NK,2,0
84,F42Q N-Term,0,3/1/19,0,1970.884644,0,0,NK,4,0
28,F42Q N-Term,0,3/1/19,0,2002.860718,0,0,NK,4,0
9.333333,F42Q N-Term,0,3/1/19,0,1785.353394,0,0,NK,4,0
3.111,F42Q N-Term,0,3/1/19,0,1196.829956,0,0,NK,4,0
1.037037,F42Q N-Term,0,3/1/19,0,819.975952,0,0,NK,4,0
0.345679,F42Q N-Term,0,3/1/19,0,237.023804,0,0,NK,4,0
0.115226,F42Q N-Term,0,3/1/19,0,421.136109,0,0,NK,4,0
0.038409,F42Q N-Term,0,3/1/19,0,0,0,0,NK,4,0
0.012803,F42Q N-Term,0,3/1/19,0,328.437866,0,0,NK,4,0
0.004268,F42Q N-Term,0,3/1/19,0,201.428345,0,0,NK,4,0
0.001423,F42Q N-Term,0,3/1/19,0,122.15979,0,0,NK,4,0
0.000474,F42Q N-Term,0,3/1/19,0,224.105103,0,0,NK,4,0
84,F42Q N-Term,0,3/1/19,0,5188.456299,0,0,CD8,0.5,0
28,F42Q N-Term,0,3/1/19,0,2411.177246,0,0,CD8,0.5,0
9.333333,F42Q N-Term,0,3/1/19,0,177.426513,0,0,CD8,0.5,0
3.111,F42Q N-Term,0,3/1/19,0,304.977661,0,0,CD8,0.5,0
1.037037,F42Q N-Term,0,3/1/19,0,336.935302,0,0,CD8,0.5,0
0.345679,F42Q N-Term,0,3/1/19,0,174.867675,0,0,CD8,0.5,0
0.115226,F42Q N-Term,0,3/1/19,0,129.578125,0,0,CD8,0.5,0
0.038409,F42Q N-Term,0,3/1/19,0,112.736328,0,0,CD8,0.5,0
0.012803,F42Q N-Term,0,3/1/19,0,240.202758,0,0,CD8,0.5,0
0.004268,F42Q N-Term,0,3/1/19,0,177.661377,0,0,CD8,0.5,0
0.001423,F42Q N-Term,0,3/1/19,0,6.336914,0,0,CD8,0.5,0
0.000474,F42Q N-Term,0,3/1/19,0,0,0,0,CD8,0.5,0
84,F42Q N-Term,0,3/1/19,0,4254.888733,0,0,CD8,1,0
28,F42Q N-Term,0,3/1/19,0,1924.105774,0,0,CD8,1,0
9.333333,F42Q N-Term,0,3/1/19,0,420.2807011,0,0,CD8,1,0
3.111,F42Q N-Term,0,3/1/19,0,253.3544311,0,0,CD8,1,0
1.037037,F42Q N-Term,0,3/1/19,0,0,0,0,CD8,1,0
0.345679,F42Q N-Term,0,3/1/19,0,264.2384641,0,0,CD8,1,0
0.115226,F42Q N-Term,0,3/1/19,0,174.9840701,0,0,CD8,1,0
0.038409,F42Q N-Term,0,3/1/19,0,269.3645631,0,0,CD8,1,0
0.012803,F42Q N-Term,0,3/1/19,0,159.3423461,0,0,CD8,1,0
0.004268,F42Q N-Term,0,3/1/19,0,200.1087031,0,0,CD8,1,0
0.001423,F42Q N-Term,0,3/1/19,0,41.2625122,0,0,CD8,1,0
0.000474,F42Q N-Term,0,3/1/19,0,19.5560302,0,0,CD8,1,0
84,F42Q N-Term,0,3/1/19,0,3230.702881,0,0,CD8,2,0
28,F42Q N-Term,0,3/1/19,0,2024.626221,0,0,CD8,2,0
9.333333,F42Q N-Term,0,3/1/19,0,394.034424,0,0,CD8,2,0
3.111,F42Q N-Term,0,3/1/19,0,409.62146,0,0,CD8,2,0
1.037037,F42Q N-Term,0,3/1/19,0,219.488525,0,0,CD8,2,0
0.345679,F42Q N-Term,0,3/1/19,0,100.777588,0,0,CD8,2,0
0.115226,F42Q N-Term,0,3/1/19,0,99.888061,0,0,CD8,2,0
0.038409,F42Q N-Term,0,3/1/19,0,86.85791,0,0,CD8,2,0
0.012803,F42Q N-Term,0,3/1/19,0,71.340698,0,0,CD8,2,0
0.004268,F42Q N-Term,0,3/1/19,0,76.388183,0,0,CD8,2,0
0.001423,F42Q N-Term,0,3/1/19,0,6.773681,0,0,CD8,2,0
0.000474,F42Q N-Term,0,3/1/19,0,0,0,0,CD8,2,0
84,F42Q N-Term,0,3/1/19,0,3379.768554,0,0,CD8,4,0
28,F42Q N-Term,0,3/1/19,0,2662.714843,0,0,CD8,4,0
9.333333,F42Q N-Term,0,3/1/19,0,1346.62207,0,0,CD8,4,0
3.111,F42Q N-Term,0,3/1/19,0,629.438842,0,0,CD8,4,0
1.037037,F42Q N-Term,0,3/1/19,0,438.099609,0,0,CD8,4,0
0.345679,F42Q N-Term,0,3/1/19,0,129.43042,0,0,CD8,4,0
0.115226,F42Q N-Term,0,3/1/19,0,212.682495,0,0,CD8,4,0
0.038409,F42Q N-Term,0,3/1/19,0,0,0,0,CD8,4,0
0.012803,F42Q N-Term,0,3/1/19,0,185.150634,0,0,CD8,4,0
0.004268,F42Q N-Term,0,3/1/19,0,59.313598,0,0,CD8,4,0
0.001423,F42Q N-Term,0,3/1/19,0,46.292236,0,0,CD8,4,0
0.000474,F42Q N-Term,0,3/1/19,0,61.992553,0,0,CD8,4,0
84,F42Q N-Term,0,3/1/19,0,41758.23755,0,0,Treg,0.5,0
28,F42Q N-Term,0,3/1/19,0,34502.38208,0,0,Treg,0.5,0
9.333333,F42Q N-Term,0,3/1/19,0,3133.777588,0,0,Treg,0.5,0
3.111,F42Q N-Term,0,3/1/19,0,1297.104248,0,0,Treg,0.5,0
1.037037,F42Q N-Term,0,3/1/19,0,1186.486572,0,0,Treg,0.5,0
0.345679,F42Q N-Term,0,3/1/19,0,829.952636,0,0,Treg,0.5,0
0.115226,F42Q N-Term,0,3/1/19,0,475.598388,0,0,Treg,0.5,0
0.038409,F42Q N-Term,0,3/1/19,0,496.614502,0,0,Treg,0.5,0
0.012803,F42Q N-Term,0,3/1/19,0,1106.865966,0,0,Treg,0.5,0
0.004268,F42Q N-Term,0,3/1/19,0,644.668701,0,0,Treg,0.5,0
0.001423,F42Q N-Term,0,3/1/19,0,151.718506,0,0,Treg,0.5,0
0.000474,F42Q N-Term,0,3/1/19,0,0,0,0,Treg,0.5,0
84,F42Q N-Term,0,3/1/19,0,35719.40429,0,0,Treg,1,0
28,F42Q N-Term,0,3/1/19,0,29947.03515,0,0,Treg,1,0
9.333333,F42Q N-Term,0,3/1/19,0,2540.844726,0,0,Treg,1,0
3.111,F42Q N-Term,0,3/1/19,0,3071.199219,0,0,Treg,1,0
1.037037,F42Q N-Term,0,3/1/19,0,882.158691,0,0,Treg,1,0
0.345679,F42Q N-Term,0,3/1/19,0,696.787598,0,0,Treg,1,0
0.115226,F42Q N-Term,0,3/1/19,0,851.186279,0,0,Treg,1,0
0.038409,F42Q N-Term,0,3/1/19,0,602.516113,0,0,Treg,1,0
0.012803,F42Q N-Term,0,3/1/19,0,579.041504,0,0,Treg,1,0
0.004268,F42Q N-Term,0,3/1/19,0,1086.63623,0,0,Treg,1,0
0.001423,F42Q N-Term,0,3/1/19,0,249.591553,0,0,Treg,1,0
0.000474,F42Q N-Term,0,3/1/19,0,0,0,0,Treg,1,0
84,F42Q N-Term,0,3/1/19,0,33519.55078,0,0,Treg,2,0
28,F42Q N-Term,0,3/1/19,0,27179.08984,0,0,Treg,2,0
9.333333,F42Q N-Term,0,3/1/19,0,8220.662111,0,0,Treg,2,0
3.111,F42Q N-Term,0,3/1/19,0,4688.966797,0,0,Treg,2,0
1.037037,F42Q N-Term,0,3/1/19,0,1283.099853,0,0,Treg,2,0
0.345679,F42Q N-Term,0,3/1/19,0,394.731445,0,0,Treg,2,0
0.115226,F42Q N-Term,0,3/1/19,0,379.607177,0,0,Treg,2,0
0.038409,F42Q N-Term,0,3/1/19,0,343.459961,0,0,Treg,2,0
0.012803,F42Q N-Term,0,3/1/19,0,69.925781,0,0,Treg,2,0
0.004268,F42Q N-Term,0,3/1/19,0,246.957519,0,0,Treg,2,0
0.001423,F42Q N-Term,0,3/1/19,0,196.810058,0,0,Treg,2,0
0.000474,F42Q N-Term,0,3/1/19,0,0,0,0,Treg,2,0
84,F42Q N-Term,0,3/1/19,0,27039.34742,0,0,Treg,4,0
28,F42Q N-Term,0,3/1/19,0,30115.00757,0,0,Treg,4,0
9.333333,F42Q N-Term,0,3/1/19,0,22989.09546,0,0,Treg,4,0
3.111,F42Q N-Term,0,3/1/19,0,15859.09937,0,0,Treg,4,0
1.037037,F42Q N-Term,0,3/1/19,0,8540.913816,0,0,Treg,4,0
0.345679,F42Q N-Term,0,3/1/19,0,3578.262939,0,0,Treg,4,0
0.115226,F42Q N-Term,0,3/1/19,0,983.78833,0,0,Treg,4,0
0.038409,F42Q N-Term,0,3/1/19,0,640.141845,0,0,Treg,4,0
0.012803,F42Q N-Term,0,3/1/19,0,0,0,0,Treg,4,0
0.004268,F42Q N-Term,0,3/1/19,0,149.856689,0,0,Treg,4,0
0.001423,F42Q N-Term,0,3/1/19,0,594.421386,0,0,Treg,4,0
0.000474,F42Q N-Term,0,3/1/19,0,497.753173,0,0,Treg,4,0
84,F42Q N-Term,0,3/1/19,0,13902.3999,0,0,Thelper,0.5,0
28,F42Q N-Term,0,3/1/19,0,4548.746094,0,0,Thelper,0.5,0
9.333333,F42Q N-Term,0,3/1/19,0,791.35669,0,0,Thelper,0.5,0
3.111,F42Q N-Term,0,3/1/19,0,528.631836,0,0,Thelper,0.5,0
1.037037,F42Q N-Term,0,3/1/19,0,487.75586,0,0,Thelper,0.5,0
0.345679,F42Q N-Term,0,3/1/19,0,545.654297,0,0,Thelper,0.5,0
0.115226,F42Q N-Term,0,3/1/19,0,394.697754,0,0,Thelper,0.5,0
0.038409,F42Q N-Term,0,3/1/19,0,402.705811,0,0,Thelper,0.5,0
0.012803,F42Q N-Term,0,3/1/19,0,455.913575,0,0,Thelper,0.5,0
0.004268,F42Q N-Term,0,3/1/19,0,436.583985,0,0,Thelper,0.5,0
0.001423,F42Q N-Term,0,3/1/19,0,206.672852,0,0,Thelper,0.5,0
0.000474,F42Q N-Term,0,3/1/19,0,0,0,0,Thelper,0.5,0
84,F42Q N-Term,0,3/1/19,0,7200.274903,0,0,Thelper,1,0
28,F42Q N-Term,0,3/1/19,0,2971.42041,0,0,Thelper,1,0
9.333333,F42Q N-Term,0,3/1/19,0,629.090821,0,0,Thelper,1,0
3.111,F42Q N-Term,0,3/1/19,0,741.694336,0,0,Thelper,1,0
1.037037,F42Q N-Term,0,3/1/19,0,457.248047,0,0,Thelper,1,0
0.345679,F42Q N-Term,0,3/1/19,0,554.760987,0,0,Thelper,1,0
0.115226,F42Q N-Term,0,3/1/19,0,381.029297,0,0,Thelper,1,0
0.038409,F42Q N-Term,0,3/1/19,0,351.10376,0,0,Thelper,1,0
0.012803,F42Q N-Term,0,3/1/19,0,500.309815,0,0,Thelper,1,0
0.004268,F42Q N-Term,0,3/1/19,0,466.656494,0,0,Thelper,1,0
0.001423,F42Q N-Term,0,3/1/19,0,198.685303,0,0,Thelper,1,0
0.000474,F42Q N-Term,0,3/1/19,0,0,0,0,Thelper,1,0
84,F42Q N-Term,0,3/1/19,0,3460.648437,0,0,Thelper,2,0
28,F42Q N-Term,0,3/1/19,0,2097.107666,0,0,Thelper,2,0
9.333333,F42Q N-Term,0,3/1/19,0,382.639404,0,0,Thelper,2,0
3.111,F42Q N-Term,0,3/1/19,0,350.223388,0,0,Thelper,2,0
1.037037,F42Q N-Term,0,3/1/19,0,209.462646,0,0,Thelper,2,0
0.345679,F42Q N-Term,0,3/1/19,0,115.723388,0,0,Thelper,2,0
0.115226,F42Q N-Term,0,3/1/19,0,104.699462,0,0,Thelper,2,0
0.038409,F42Q N-Term,0,3/1/19,0,70.339111,0,0,Thelper,2,0
0.012803,F42Q N-Term,0,3/1/19,0,102.344604,0,0,Thelper,2,0
0.004268,F42Q N-Term,0,3/1/19,0,154.056152,0,0,Thelper,2,0
0.001423,F42Q N-Term,0,3/1/19,0,0,0,0,Thelper,2,0
0.000474,F42Q N-Term,0,3/1/19,0,74.877197,0,0,Thelper,2,0
84,F42Q N-Term,0,3/1/19,0,4377.697266,0,0,Thelper,4,0
28,F42Q N-Term,0,3/1/19,0,3402.920899,0,0,Thelper,4,0
9.333333,F42Q N-Term,0,3/1/19,0,1429.124024,0,0,Thelper,4,0
3.111,F42Q N-Term,0,3/1/19,0,855.995362,0,0,Thelper,4,0
1.037037,F42Q N-Term,0,3/1/19,0,107.448975,0,0,Thelper,4,0
0.345679,F42Q N-Term,0,3/1/19,0,238.357666,0,0,Thelper,4,0
0.115226,F42Q N-Term,0,3/1/19,0,113.077881,0,0,Thelper,4,0
0.038409,F42Q N-Term,0,3/1/19,0,0,0,0,Thelper,4,0
0.012803,F42Q N-Term,0,3/1/19,0,26.39563,0,0,Thelper,4,0
0.004268,F42Q N-Term,0,3/1/19,0,162.499146,0,0,Thelper,4,0
0.001423,F42Q N-Term,0,3/1/19,0,145.842285,0,0,Thelper,4,0
0.000474,F42Q N-Term,0,3/1/19,0,298.181153,0,0,Thelper,4,0
84,N88D C-term,0,3/1/19,0,850.605469,0,0,NK,0.5,0
28,N88D C-term,0,3/1/19,0,809.206299,0,0,NK,0.5,0
9.333333,N88D C-term,0,3/1/19,0,337.964111,0,0,NK,0.5,0
3.111,N88D C-term,0,3/1/19,0,497.849609,0,0,NK,0.5,0
1.037037,N88D C-term,0,3/1/19,0,412.125244,0,0,NK,0.5,0
0.345679,N88D C-term,0,3/1/19,0,516.53833,0,0,NK,0.5,0
0.115226,N88D C-term,0,3/1/19,0,395.496826,0,0,NK,0.5,0
0.038409,N88D C-term,0,3/1/19,0,234.175659,0,0,NK,0.5,0
0.012803,N88D C-term,0,3/1/19,0,261.673462,0,0,NK,0.5,0
0.004268,N88D C-term,0,3/1/19,0,115.447998,0,0,NK,0.5,0
0.001423,N88D C-term,0,3/1/19,0,0,0,0,NK,0.5,0
0.000474,N88D C-term,0,3/1/19,0,145.922729,0,0,NK,0.5,0
84,N88D C-term,0,3/1/19,0,803.009766,0,0,NK,1,0
28,N88D C-term,0,3/1/19,0,1103.337891,0,0,NK,1,0
9.333333,N88D C-term,0,3/1/19,0,563.352051,0,0,NK,1,0
3.111,N88D C-term,0,3/1/19,0,519.253174,0,0,NK,1,0
1.037037,N88D C-term,0,3/1/19,0,398.14209,0,0,NK,1,0
0.345679,N88D C-term,0,3/1/19,0,554.409424,0,0,NK,1,0
0.115226,N88D C-term,0,3/1/19,0,223.819214,0,0,NK,1,0
0.038409,N88D C-term,0,3/1/19,0,221.337403,0,0,NK,1,0
0.012803,N88D C-term,0,3/1/19,0,133.602662,0,0,NK,1,0
0.004268,N88D C-term,0,3/1/19,0,111.448853,0,0,NK,1,0
0.001423,N88D C-term,0,3/1/19,0,7.242676,0,0,NK,1,0
0.000474,N88D C-term,0,3/1/19,0,0,0,0,NK,1,0
84,N88D C-term,0,3/1/19,0,763.911377,0,0,NK,2,0
28,N88D C-term,0,3/1/19,0,656.713378,0,0,NK,2,0
9.333333,N88D C-term,0,3/1/19,0,629.635009,0,0,NK,2,0
3.111,N88D C-term,0,3/1/19,0,371.413086,0,0,NK,2,0
1.037037,N88D C-term,0,3/1/19,0,366.620849,0,0,NK,2,0
0.345679,N88D C-term,0,3/1/19,0,163.682128,0,0,NK,2,0
0.115226,N88D C-term,0,3/1/19,0,0,0,0,NK,2,0
0.038409,N88D C-term,0,3/1/19,0,82.736938,0,0,NK,2,0
0.012803,N88D C-term,0,3/1/19,0,30.335083,0,0,NK,2,0
0.004268,N88D C-term,0,3/1/19,0,40.204589,0,0,NK,2,0
0.001423,N88D C-term,0,3/1/19,0,75.432128,0,0,NK,2,0
0.000474,N88D C-term,0,3/1/19,0,45.052978,0,0,NK,2,0
84,N88D C-term,0,3/1/19,0,1908.670044,0,0,NK,4,0
28,N88D C-term,0,3/1/19,0,1578.320679,0,0,NK,4,0
9.333333,N88D C-term,0,3/1/19,0,1526.845825,0,0,NK,4,0
3.111,N88D C-term,0,3/1/19,0,1631.151733,0,0,NK,4,0
1.037037,N88D C-term,0,3/1/19,0,1397.64563,0,0,NK,4,0
0.345679,N88D C-term,0,3/1/19,0,1116.156616,0,0,NK,4,0
0.115226,N88D C-term,0,3/1/19,0,1052.702515,0,0,NK,4,0
0.038409,N88D C-term,0,3/1/19,0,875.740845,0,0,NK,4,0
0.012803,N88D C-term,0,3/1/19,0,921.768921,0,0,NK,4,0
0.004268,N88D C-term,0,3/1/19,0,690.57019,0,0,NK,4,0
0.001423,N88D C-term,0,3/1/19,0,331.441773,0,0,NK,4,0
0.000474,N88D C-term,0,3/1/19,0,0,0,0,NK,4,0
84,N88D C-term,0,3/1/19,0,532.776245,0,0,CD8,0.5,0
28,N88D C-term,0,3/1/19,0,520.509399,0,0,CD8,0.5,0
9.333333,N88D C-term,0,3/1/19,0,247.18457,0,0,CD8,0.5,0
3.111,N88D C-term,0,3/1/19,0,301.218628,0,0,CD8,0.5,0
1.037037,N88D C-term,0,3/1/19,0,237.339721,0,0,CD8,0.5,0
0.345679,N88D C-term,0,3/1/19,0,340.138794,0,0,CD8,0.5,0
0.115226,N88D C-term,0,3/1/19,0,202.685913,0,0,CD8,0.5,0
0.038409,N88D C-term,0,3/1/19,0,127.145752,0,0,CD8,0.5,0
0.012803,N88D C-term,0,3/1/19,0,134.148803,0,0,CD8,0.5,0
0.004268,N88D C-term,0,3/1/19,0,66.2583,0,0,CD8,0.5,0
0.001423,N88D C-term,0,3/1/19,0,0,0,0,CD8,0.5,0
0.000474,N88D C-term,0,3/1/19,0,58.445556,0,0,CD8,0.5,0
84,N88D C-term,0,3/1/19,0,720.373779,0,0,CD8,1,0
28,N88D C-term,0,3/1/19,0,712.161377,0,0,CD8,1,0
9.333333,N88D C-term,0,3/1/19,0,378.57666,0,0,CD8,1,0
3.111,N88D C-term,0,3/1/19,0,392.888916,0,0,CD8,1,0
1.037037,N88D C-term,0,3/1/19,0,234.189942,0,0,CD8,1,0
0.345679,N88D C-term,0,3/1/19,0,372.174072,0,0,CD8,1,0
0.115226,N88D C-term,0,3/1/19,0,165.107178,0,0,CD8,1,0
0.038409,N88D C-term,0,3/1/19,0,146.25586,0,0,CD8,1,0
0.012803,N88D C-term,0,3/1/19,0,79.424072,0,0,CD8,1,0
0.004268,N88D C-term,0,3/1/19,0,37.320313,0,0,CD8,1,0
0.001423,N88D C-term,0,3/1/19,0,19.744507,0,0,CD8,1,0
0.000474,N88D C-term,0,3/1/19,0,0,0,0,CD8,1,0
84,N88D C-term,0,3/1/19,0,625.299438,0,0,CD8,2,0
28,N88D C-term,0,3/1/19,0,510.016601,0,0,CD8,2,0
9.333333,N88D C-term,0,3/1/19,0,373.480469,0,0,CD8,2,0
3.111,N88D C-term,0,3/1/19,0,144.88501,0,0,CD8,2,0
1.037037,N88D C-term,0,3/1/19,0,265.182617,0,0,CD8,2,0
0.345679,N88D C-term,0,3/1/19,0,30.349609,0,0,CD8,2,0
0.115226,N88D C-term,0,3/1/19,0,59.911987,0,0,CD8,2,0
0.038409,N88D C-term,0,3/1/19,0,165.716797,0,0,CD8,2,0
0.012803,N88D C-term,0,3/1/19,0,27.50354,0,0,CD8,2,0
0.004268,N88D C-term,0,3/1/19,0,0,0,0,CD8,2,0
0.001423,N88D C-term,0,3/1/19,0,102.551269,0,0,CD8,2,0
0.000474,N88D C-term,0,3/1/19,0,100.111084,0,0,CD8,2,0
84,N88D C-term,0,3/1/19,0,1527.807861,0,0,CD8,4,0
28,N88D C-term,0,3/1/19,0,1270.856689,0,0,CD8,4,0
9.333333,N88D C-term,0,3/1/19,0,1222.265869,0,0,CD8,4,0
3.111,N88D C-term,0,3/1/19,0,1176.830322,0,0,CD8,4,0
1.037037,N88D C-term,0,3/1/19,0,1056.386962,0,0,CD8,4,0
0.345679,N88D C-term,0,3/1/19,0,805.661376,0,0,CD8,4,0
0.115226,N88D C-term,0,3/1/19,0,753.095214,0,0,CD8,4,0
0.038409,N88D C-term,0,3/1/19,0,665.312988,0,0,CD8,4,0
0.012803,N88D C-term,0,3/1/19,0,694.484741,0,0,CD8,4,0
0.004268,N88D C-term,0,3/1/19,0,517.893554,0,0,CD8,4,0
0.001423,N88D C-term,0,3/1/19,0,152.772705,0,0,CD8,4,0
0.000474,N88D C-term,0,3/1/19,0,0,0,0,CD8,4,0
84,N88D C-term,0,3/1/19,0,31361.55066,0,0,Treg,0.5,0
28,N88D C-term,0,3/1/19,0,19711.68152,0,0,Treg,0.5,0
9.333333,N88D C-term,0,3/1/19,0,1216.89685,0,0,Treg,0.5,0
3.111,N88D C-term,0,3/1/19,0,470.724243,0,0,Treg,0.5,0
1.037037,N88D C-term,0,3/1/19,0,740.03894,0,0,Treg,0.5,0
0.345679,N88D C-term,0,3/1/19,0,636.316528,0,0,Treg,0.5,0
0.115226,N88D C-term,0,3/1/19,0,497.193725,0,0,Treg,0.5,0
0.038409,N88D C-term,0,3/1/19,0,698.881958,0,0,Treg,0.5,0
0.012803,N88D C-term,0,3/1/19,0,324.889282,0,0,Treg,0.5,0
0.004268,N88D C-term,0,3/1/19,0,388.050659,0,0,Treg,0.5,0
0.001423,N88D C-term,0,3/1/19,0,199.791382,0,0,Treg,0.5,0
0.000474,N88D C-term,0,3/1/19,0,0,0,0,Treg,0.5,0
84,N88D C-term,0,3/1/19,0,28314.49097,0,0,Treg,1,0
28,N88D C-term,0,3/1/19,0,21653.91675,0,0,Treg,1,0
9.333333,N88D C-term,0,3/1/19,0,1603.026123,0,0,Treg,1,0
3.111,N88D C-term,0,3/1/19,0,2019.451905,0,0,Treg,1,0
1.037037,N88D C-term,0,3/1/19,0,598.484619,0,0,Treg,1,0
0.345679,N88D C-term,0,3/1/19,0,55.5,0,0,Treg,1,0
0.115226,N88D C-term,0,3/1/19,0,148.153565,0,0,Treg,1,0
0.038409,N88D C-term,0,3/1/19,0,183.870606,0,0,Treg,1,0
0.012803,N88D C-term,0,3/1/19,0,32.615967,0,0,Treg,1,0
0.004268,N88D C-term,0,3/1/19,0,512.695313,0,0,Treg,1,0
0.001423,N88D C-term,0,3/1/19,0,0,0,0,Treg,1,0
0.000474,N88D C-term,0,3/1/19,0,428.570069,0,0,Treg,1,0
84,N88D C-term,0,3/1/19,0,24277.32471,0,0,Treg,2,0
28,N88D C-term,0,3/1/19,0,20996.18213,0,0,Treg,2,0
9.333333,N88D C-term,0,3/1/19,0,8402.111818,0,0,Treg,2,0
3.111,N88D C-term,0,3/1/19,0,2357.646972,0,0,Treg,2,0
1.037037,N88D C-term,0,3/1/19,0,1424.567138,0,0,Treg,2,0
0.345679,N88D C-term,0,3/1/19,0,777.820312,0,0,Treg,2,0
0.115226,N88D C-term,0,3/1/19,0,167.761474,0,0,Treg,2,0
0.038409,N88D C-term,0,3/1/19,0,12.668213,0,0,Treg,2,0
0.012803,N88D C-term,0,3/1/19,0,593.989502,0,0,Treg,2,0
0.004268,N88D C-term,0,3/1/19,0,607.247314,0,0,Treg,2,0
0.001423,N88D C-term,0,3/1/19,0,0,0,0,Treg,2,0
0.000474,N88D C-term,0,3/1/19,0,390.904785,0,0,Treg,2,0
84,N88D C-term,0,3/1/19,0,27930.21753,0,0,Treg,4,0
28,N88D C-term,0,3/1/19,0,26118.43628,0,0,Treg,4,0
9.333333,N88D C-term,0,3/1/19,0,23721.33472,0,0,Treg,4,0
3.111,N88D C-term,0,3/1/19,0,15811.95191,0,0,Treg,4,0
1.037037,N88D C-term,0,3/1/19,0,9844.882567,0,0,Treg,4,0
0.345679,N88D C-term,0,3/1/19,0,3597.41333,0,0,Treg,4,0
0.115226,N88D C-term,0,3/1/19,0,2731.637451,0,0,Treg,4,0
0.038409,N88D C-term,0,3/1/19,0,1143.93335,0,0,Treg,4,0
0.012803,N88D C-term,0,3/1/19,0,940.67627,0,0,Treg,4,0
0.004268,N88D C-term,0,3/1/19,0,546.916748,0,0,Treg,4,0
0.001423,N88D C-term,0,3/1/19,0,0,0,0,Treg,4,0
0.000474,N88D C-term,0,3/1/19,0,195.848877,0,0,Treg,4,0
84,N88D C-term,0,3/1/19,0,1476.952026,0,0,Thelper,0.5,0
28,N88D C-term,0,3/1/19,0,581.318237,0,0,Thelper,0.5,0
9.333333,N88D C-term,0,3/1/19,0,331.844238,0,0,Thelper,0.5,0
3.111,N88D C-term,0,3/1/19,0,122.855225,0,0,Thelper,0.5,0
1.037037,N88D C-term,0,3/1/19,0,133.170532,0,0,Thelper,0.5,0
0.345679,N88D C-term,0,3/1/19,0,182.425903,0,0,Thelper,0.5,0
0.115226,N88D C-term,0,3/1/19,0,284.041748,0,0,Thelper,0.5,0
0.038409,N88D C-term,0,3/1/19,0,118.701294,0,0,Thelper,0.5,0
0.012803,N88D C-term,0,3/1/19,0,6.151245,0,0,Thelper,0.5,0
0.004268,N88D C-term,0,3/1/19,0,193.562012,0,0,Thelper,0.5,0
0.001423,N88D C-term,0,3/1/19,0,0,0,0,Thelper,0.5,0
0.000474,N88D C-term,0,3/1/19,0,62.294922,0,0,Thelper,0.5,0
84,N88D C-term,0,3/1/19,0,1483.226685,0,0,Thelper,1,0
28,N88D C-term,0,3/1/19,0,811.659302,0,0,Thelper,1,0
9.333333,N88D C-term,0,3/1/19,0,173.903199,0,0,Thelper,1,0
3.111,N88D C-term,0,3/1/19,0,438.642701,0,0,Thelper,1,0
1.037037,N88D C-term,0,3/1/19,0,129.591675,0,0,Thelper,1,0
0.345679,N88D C-term,0,3/1/19,0,157.412232,0,0,Thelper,1,0
0.115226,N88D C-term,0,3/1/19,0,151.824585,0,0,Thelper,1,0
0.038409,N88D C-term,0,3/1/19,0,169.303589,0,0,Thelper,1,0
0.012803,N88D C-term,0,3/1/19,0,123.251709,0,0,Thelper,1,0
0.004268,N88D C-term,0,3/1/19,0,36.196778,0,0,Thelper,1,0
0.001423,N88D C-term,0,3/1/19,0,0,0,0,Thelper,1,0
0.000474,N88D C-term,0,3/1/19,0,132.630494,0,0,Thelper,1,0
84,N88D C-term,0,3/1/19,0,1593.63794,0,0,Thelper,2,0
28,N88D C-term,0,3/1/19,0,1006.139649,0,0,Thelper,2,0
9.333333,N88D C-term,0,3/1/19,0,370.098633,0,0,Thelper,2,0
3.111,N88D C-term,0,3/1/19,0,515.68457,0,0,Thelper,2,0
1.037037,N88D C-term,0,3/1/19,0,384.205078,0,0,Thelper,2,0
0.345679,N88D C-term,0,3/1/19,0,318.861084,0,0,Thelper,2,0
0.115226,N88D C-term,0,3/1/19,0,205.800171,0,0,Thelper,2,0
0.038409,N88D C-term,0,3/1/19,0,0,0,0,Thelper,2,0
0.012803,N88D C-term,0,3/1/19,0,294.719849,0,0,Thelper,2,0
0.004268,N88D C-term,0,3/1/19,0,290.28125,0,0,Thelper,2,0
0.001423,N88D C-term,0,3/1/19,0,181.375,0,0,Thelper,2,0
0.000474,N88D C-term,0,3/1/19,0,282.994629,0,0,Thelper,2,0
84,N88D C-term,0,3/1/19,0,1681.655517,0,0,Thelper,4,0
28,N88D C-term,0,3/1/19,0,1433.906982,0,0,Thelper,4,0
9.333333,N88D C-term,0,3/1/19,0,970.311523,0,0,Thelper,4,0
3.111,N88D C-term,0,3/1/19,0,691.325927,0,0,Thelper,4,0
1.037037,N88D C-term,0,3/1/19,0,449.052978,0,0,Thelper,4,0
0.345679,N88D C-term,0,3/1/19,0,372.643798,0,0,Thelper,4,0
0.115226,N88D C-term,0,3/1/19,0,390.486084,0,0,Thelper,4,0
0.038409,N88D C-term,0,3/1/19,0,296.717529,0,0,Thelper,4,0
0.012803,N88D C-term,0,3/1/19,0,322.658203,0,0,Thelper,4,0
0.004268,N88D C-term,0,3/1/19,0,319.841308,0,0,Thelper,4,0
0.001423,N88D C-term,0,3/1/19,0,113.319091,0,0,Thelper,4,0
0.000474,N88D C-term,0,3/1/19,0,0,0,0,Thelper,4,0